date,asset,rsi,ob70,ob80,fwd
2008-05-31,QQQ,59.35821760218586,False,False,-0.09615028608217846
2009-04-30,QQQ,42.81034168992015,False,False,0.032088754697825905
2009-05-31,QQQ,44.704089221128044,False,False,0.029529664781311915
2009-06-30,QQQ,46.5155926033758,False,False,0.08438701143831873
2009-07-31,QQQ,51.54508973816521,False,False,0.014701728067681774
2009-07-31,SPHQ,34.712196767370145,False,False,-0.004854652361177769
2009-08-31,QQQ,52.45472340205723,False,False,0.05647977092287171
2009-08-31,SPHQ,34.50592633806511,False,False,0.036098002543062835
2009-09-30,QQQ,55.92799810564825,False,False,-0.030532959195262777
2009-09-30,SPHQ,37.46707266567607,False,False,-0.039548184370872486
2009-10-31,QQQ,53.52310967668708,False,False,0.06347668887183544
2009-10-31,SPHQ,35.504737999847094,False,False,0.04117664595695203
2009-11-30,QQQ,57.49058209256693,False,False,0.05202857357689994
2009-11-30,SPHQ,38.948283874088226,False,False,0.056496857515726306
2009-12-31,QQQ,60.644313200698335,False,False,-0.0646996578620872
2009-12-31,SPHQ,43.58248067641574,False,False,-0.051693390298405806
2010-01-31,QQQ,54.90543360421368,False,False,0.04603848110491615
2010-01-31,SPHQ,40.39077796656629,False,False,0.02819539634705559
2010-02-28,QQQ,57.769715870325705,False,False,0.07710949537542344
2010-02-28,SPHQ,42.7271186285601,False,False,0.0813527665036562
2010-03-31,QQQ,62.28908567681232,False,False,0.0224249969620558
2010-03-31,SPHQ,49.10077107340274,False,False,0.0321218748514267
2010-04-30,QQQ,63.603062745647016,False,False,-0.07392358238743202
2010-04-30,SPHQ,51.578524050248866,False,False,-0.03931195125595888
2010-05-31,QQQ,56.462278986691516,False,False,-0.059756783959464266
2010-05-31,SPHQ,48.375144079906896,False,False,-0.05967594910029739
2010-07-31,QQQ,56.242756424822474,False,False,-0.05129886843061959
2010-07-31,SPHQ,49.15119817398027,False,False,-0.03911652917641595
2010-09-30,QQQ,59.71824473377443,False,False,0.06337911386096406
2010-09-30,SPHQ,53.00196342941455,False,False,0.03319779549494162
2010-10-31,QQQ,63.088708392966375,False,False,-0.0017252938802697626
2010-10-31,SPHQ,55.34551515291603,False,False,0.007837452350387908
2010-11-30,QQQ,62.92457713564267,False,False,0.04757159804729061
2010-11-30,SPHQ,55.9228688753229,False,False,0.05133125369050373
2010-12-31,QQQ,65.57907061019759,False,False,0.028277552124820415
2010-12-31,SPHQ,59.632970558887166,False,False,0.005208363809779737
2011-01-31,QQQ,67.1560062870787,False,False,0.03160689678822193
2011-01-31,SPHQ,60.01957214386475,False,False,0.03626900449266168
2011-02-28,QQQ,68.91850332119691,False,False,-0.004482555361081331
2011-02-28,SPHQ,62.71163548311564,False,False,0.0071432527447017335
2011-03-31,QQQ,68.3406808072541,False,False,0.028730667933058784
2011-03-31,SPHQ,63.25544697177919,False,False,0.037588523364782356
2011-04-30,QQQ,70.06527723068716,True,False,-0.012187005944127027
2011-04-30,SPHQ,66.0788974933736,False,False,-0.000683279097967171
2011-05-31,QQQ,68.31644228923318,False,False,-0.020254615529566866
2011-05-31,SPHQ,65.97592400930301,False,False,-0.00494390170594472
2011-06-30,QQQ,65.42906783941926,False,False,0.016651627620282827
2011-06-30,SPHQ,65.18493691415523,False,False,-0.03328722250195093
2011-07-31,QQQ,66.6516629258546,False,False,-0.050689333432774375
2011-07-31,SPHQ,59.995254330561814,False,False,-0.04160716357774863
2011-10-31,QQQ,62.263665166055105,False,False,-0.02691963641825801
2011-10-31,SPHQ,57.38821986150676,False,False,0.007214761034498363
2011-11-30,SPHQ,58.010048292790266,False,False,0.009752352746196236
2011-12-31,SPHQ,58.889650443635226,False,False,0.0399147407374143
2012-01-31,QQQ,64.59864543769409,False,False,0.06410054744108051
2012-01-31,SPHQ,62.39558062597605,False,False,0.026045064273659158
2012-02-29,QQQ,68.72339595102314,False,False,0.05053075646703187
2012-02-29,SPHQ,64.60160450631537,False,False,0.030897646019943936
2012-03-31,QQQ,71.70188944472665,True,False,-0.011694979520014193
2012-03-31,SPHQ,67.1293356670223,False,False,-0.0026025125452872055
2012-04-30,QQQ,69.95748034430882,False,False,-0.07040193578324982
2012-04-30,SPHQ,66.68405180577156,False,False,-0.03848671386485791
2012-05-31,QQQ,60.52335658138385,False,False,0.036214569230336835
2012-05-31,SPHQ,60.32764173688884,False,False,0.021108475487394474
2012-06-30,QQQ,63.08682200513775,False,False,0.009974983680422822
2012-06-30,SPHQ,62.36500201380737,False,False,0.016031657296192048
2012-07-31,QQQ,63.80917418229953,False,False,0.05185209351957254
2012-07-31,SPHQ,63.912789210472454,False,False,0.018409267727592882
2012-08-31,QQQ,67.41447624540268,False,False,0.008884248128775862
2012-08-31,SPHQ,65.68592371684952,False,False,0.01616934938935577
2012-09-30,QQQ,68.03255642097669,False,False,-0.0527930262248294
2012-09-30,SPHQ,67.23666560295285,False,False,-0.007658105506207158
2012-10-31,SPHQ,65.6978106845433,False,False,0.012861854711549547
2012-11-30,QQQ,61.667646100180036,False,False,-0.004669335497153759
2012-11-30,SPHQ,67.05130965607357,False,False,0.0042502735152456506
2012-12-31,SPHQ,67.51335975544959,False,False,0.05343507372092149
2013-01-31,QQQ,63.35426341865629,False,False,0.0034400385027388847
2013-01-31,SPHQ,72.71571157781783,True,False,0.014492661488293868
2013-02-28,QQQ,63.662846809568954,False,False,0.03024775812411118
2013-02-28,SPHQ,73.99695969975585,True,False,0.04643158975419159
2013-03-31,QQQ,66.35486140731618,False,False,0.02537300433642331
2013-03-31,SPHQ,77.66769565835443,True,False,0.024055080162629805
2013-04-30,QQQ,68.52504601236728,False,False,0.03577506837233213
2013-04-30,SPHQ,79.36811742098597,True,False,0.017337910537160273
2013-05-31,QQQ,71.39750247484595,True,False,-0.023952852021378868
2013-05-31,SPHQ,80.54556016107414,True,True,-0.012470100956801677
2013-06-30,QQQ,66.84172114252107,False,False,0.06314014036084159
2013-06-30,SPHQ,77.07929489202428,True,False,0.05655084316332859
2013-07-31,QQQ,71.82336589877187,True,False,-0.003959356305937134
2013-07-31,SPHQ,81.01884686503922,True,True,-0.033386600791311505
2013-08-31,QQQ,71.05692018961555,True,False,0.048322179910002205
2013-08-31,SPHQ,72.63275557826876,True,False,0.03278075539228631
2013-09-30,QQQ,74.60467139091512,True,False,0.04956901238526301
2013-09-30,SPHQ,75.2510285904095,True,False,0.04530935571731387
2013-10-31,QQQ,77.76153886876051,True,False,0.03551133174026355
2013-10-31,SPHQ,78.42432091871562,True,False,0.025497365912826586
2013-11-30,QQQ,79.79533129061328,True,False,0.029270830910221424
2013-11-30,SPHQ,80.04515388574801,True,True,0.020346653284014415
2013-12-31,QQQ,81.36210536368947,True,True,-0.019213260962435696
2013-12-31,SPHQ,81.28423107732345,True,True,-0.04066620687325029
2014-01-31,QQQ,77.01679820020188,True,False,0.05152500251911607
2014-01-31,SPHQ,71.52963881851582,True,False,0.04749769862092168
2014-02-28,QQQ,80.03678470740502,True,True,-0.02733599327947145
2014-02-28,SPHQ,75.13091156078536,True,False,0.013151350765870262
2014-03-31,QQQ,74.18071032768458,True,False,-0.003193985985106007
2014-03-31,SPHQ,76.07612547822356,True,False,0.00917404424789181
2014-04-30,QQQ,73.52232242357057,True,False,0.04485640147786607
2014-04-30,SPHQ,76.7487399613187,True,False,0.019617499858199494
2014-05-31,QQQ,76.64709570306127,True,False,0.031237832165832424
2014-05-31,SPHQ,78.17476518247568,True,False,0.011097490139707178
2014-06-30,QQQ,78.62390486293243,True,False,0.011820049820838063
2014-06-30,SPHQ,78.97571449456143,True,False,-0.029370579818238873
2014-07-31,QQQ,79.35817175401215,True,False,0.050094969139202306
2014-07-31,SPHQ,71.42226712453916,True,False,0.04274753431991818
2014-08-31,QQQ,82.18429645090602,True,True,-0.0075666950310372405
2014-08-31,SPHQ,75.05236043356449,True,False,-0.001653408412500279
2014-09-30,QQQ,80.30620117250807,True,True,0.026419663924139636
2014-09-30,SPHQ,74.64054959493706,True,False,0.03985175823902298
2014-10-31,QQQ,81.85367901692408,True,True,0.04546354905854022
2014-10-31,SPHQ,77.79750575111751,True,False,0.0369872817189163
2014-11-30,QQQ,84.21325151649052,True,True,-0.02240626071978513
2014-11-30,SPHQ,80.34110588312143,True,True,0.005819087617281449
2014-12-31,QQQ,78.54604927356745,True,False,-0.02082319396752419
2014-12-31,SPHQ,80.72899888434405,True,True,-0.02706199047066793
2015-01-31,QQQ,73.69382958690854,True,False,0.07220563600295837
2015-01-31,SPHQ,73.43042056747595,True,False,0.04856557082881441
2015-02-28,QQQ,78.54106241363053,True,False,-0.02358989084929397
2015-02-28,SPHQ,77.29094558475265,True,False,-0.009232756746375803
2015-03-31,QQQ,73.4364197069271,True,False,0.01922387150924343
2015-03-31,SPHQ,74.95300268678496,True,False,-0.008525173491749749
2015-04-30,QQQ,74.8377787759318,True,False,0.022484269317195382
2015-04-30,SPHQ,72.78395507106865,True,False,0.012037770339138554
2015-05-31,QQQ,76.43382033916242,True,False,-0.024840817795192538
2015-05-31,SPHQ,73.92175929738326,True,False,-0.016694735349938483
2015-06-30,QQQ,70.95828296380947,True,False,0.045577132483868965
2015-06-30,SPHQ,69.52818179433021,False,False,0.026921189384501387
2015-07-31,QQQ,74.48077462942186,True,False,-0.06824447027619018
2015-07-31,SPHQ,72.33588108542324,True,False,-0.051585334788920134
2015-10-31,QQQ,67.74446694275477,False,False,0.006088277626739025
2015-10-31,SPHQ,65.43914206627784,False,False,0.009389635832257825
2015-11-30,QQQ,68.19539411615922,False,False,-0.0159477134761149
2015-11-30,SPHQ,66.4308628539656,False,False,-0.01235702635701208
2015-12-31,QQQ,65.59293453488496,False,False,-0.06910421661906885
2015-12-31,SPHQ,63.81140185782681,False,False,-0.020320028827097825
2016-02-29,SPHQ,62.26082454078648,False,False,0.0640135422894208
2016-03-31,QQQ,60.05552536747973,False,False,-0.0318679837020841
2016-03-31,SPHQ,69.08177317505127,False,False,0.004064953240207947
2016-04-30,SPHQ,69.48310923956427,False,False,0.007287869214277931
2016-05-31,QQQ,59.87792648911902,False,False,-0.022779992180734898
2016-05-31,SPHQ,70.23219565132396,True,False,0.002563993991918201
2016-06-30,QQQ,57.000310760956644,False,False,0.07150829715514728
2016-06-30,SPHQ,70.50847195147401,True,False,0.030608067963556307
2016-07-31,QQQ,62.8916916499102,False,False,0.010500850234544501
2016-07-31,SPHQ,73.65939809790723,True,False,-0.0031266240371200515
2016-08-31,QQQ,63.73367515210628,False,False,0.02213519410010578
2016-08-31,SPHQ,72.77782568399836,True,False,-0.009331062794956213
2016-09-30,QQQ,65.52791388627602,False,False,-0.014572225732188082
2016-09-30,SPHQ,70.09020910140995,True,False,-0.016282906471885683
2016-10-31,QQQ,63.25992493785158,False,False,0.00435940893982778
2016-10-31,SPHQ,65.58138915540252,False,False,0.0375456538918828
2016-11-30,QQQ,63.65924373580212,False,False,0.011322442792210952
2016-11-30,SPHQ,70.25546138271376,True,False,0.02025644566547813
2016-12-31,QQQ,64.73595246611984,False,False,0.051400899745926765
2016-12-31,SPHQ,72.5062347679631,True,False,0.013466588514685185
2017-01-31,QQQ,69.24174219591826,False,False,0.04375065327924821
2017-01-31,SPHQ,73.94630048509033,True,False,0.03758579252977623
2017-02-28,QQQ,72.61409296644351,True,False,0.020268500358123553
2017-02-28,SPHQ,77.53127990421986,True,False,0.0022993993707569604
2017-03-31,QQQ,74.09321191008605,True,False,0.02727031586944828
2017-03-31,SPHQ,77.74065692012083,True,False,0.008768498525541846
2017-04-30,QQQ,76.00877355629291,True,False,0.038973624323837885
2017-04-30,SPHQ,78.56291724383206,True,False,0.013763310842423104
2017-05-31,QQQ,78.51990168800235,True,False,-0.02317977335868171
2017-05-31,SPHQ,79.83322052881213,True,False,0.002713949207537425
2017-06-30,QQQ,73.40684531798695,True,False,0.04061321665053308
2017-06-30,SPHQ,80.08724360292251,True,True,0.009656651442426556
2017-07-31,QQQ,76.2565636560262,True,False,0.02073610035160489
2017-07-31,SPHQ,81.00648291762856,True,True,-0.002479634217549931
2017-08-31,QQQ,77.62828255407379,True,False,-0.0029522954962813985
2017-08-31,SPHQ,79.9756824118734,True,False,0.029063486286828644
2017-09-30,QQQ,76.93267660636255,True,False,0.046063612669650755
2017-09-30,SPHQ,82.74095610398439,True,True,0.011462074821750434
2017-10-31,QQQ,79.94357214104944,True,False,0.01971772834414698
2017-10-31,SPHQ,83.72335458527412,True,True,0.035714349316725125
2017-11-30,QQQ,81.13121041924762,True,True,0.006031062315639657
2017-11-30,SPHQ,86.35871501585376,True,True,0.014992249180552752
2017-12-31,QQQ,81.49918934681918,True,True,0.08757051402632254
2017-12-31,SPHQ,87.31998135910243,True,True,0.04696219893092035
2018-01-31,QQQ,85.84253628976617,True,True,-0.01292800735327515
2018-01-31,SPHQ,89.78470581378686,True,True,-0.03669998346194725
2018-02-28,QQQ,82.49387466353011,True,True,-0.04078843350498684
2018-02-28,SPHQ,76.65584905418505,True,False,-0.025235881475699884
2018-03-31,QQQ,72.94983982503985,True,False,0.00505873400965795
2018-03-31,SPHQ,69.4151926221935,False,False,-0.010388988431908275
2018-04-30,QQQ,73.34492804538799,True,False,0.05672907025179441
2018-04-30,SPHQ,66.69280099001087,False,False,0.023704907884745552
2018-05-31,QQQ,77.358800892929,True,False,0.011450452378018117
2018-05-31,SPHQ,69.59273209572287,False,False,-0.003735551554644445
2018-06-30,QQQ,78.11577367859142,True,False,0.02796419703738673
2018-06-30,SPHQ,68.55575440310639,False,False,0.032322590485382774
2018-07-31,QQQ,79.90315694692177,True,False,0.05780627960690676
2018-07-31,SPHQ,72.376862117487,True,False,0.045190580247959966
2018-08-31,QQQ,83.06786437936049,True,True,-0.002816243283549791
2018-08-31,SPHQ,76.76544523135871,True,False,0.018053231427746397
2018-09-30,QQQ,82.34817403872864,True,True,-0.0859570072353727
2018-09-30,SPHQ,78.31463711401321,True,False,-0.07073160037829651
2019-02-28,QQQ,61.90166713984897,False,False,0.039245521907445235
2019-02-28,SPHQ,60.8545706955847,False,False,0.029796100678525894
2019-03-31,QQQ,64.94086308861972,False,False,0.05499293687659956
2019-03-31,SPHQ,63.62051705070094,False,False,0.03545880793642753
2019-04-30,QQQ,68.8392128331325,False,False,-0.082251984461431
2019-04-30,SPHQ,66.7236409676416,False,False,-0.06488426682062276
2019-05-31,SPHQ,56.83200054617071,False,False,0.06838348726255661
2019-06-30,QQQ,63.22874765708271,False,False,0.02334792850257239
2019-06-30,SPHQ,62.70080842588625,False,False,0.010568015214424298
2019-07-31,QQQ,64.8162489527507,False,False,-0.018995103086286158
2019-07-31,SPHQ,63.58118369163842,False,False,-0.01224994041815064
2019-08-31,QQQ,62.400803965931956,False,False,0.00917860617389854
2019-08-31,SPHQ,61.74276154928269,False,False,0.01929649059094274
2019-09-30,QQQ,63.10274122995245,False,False,0.04380063031546588
2019-09-30,SPHQ,63.51066555102627,False,False,0.024448564144996077
2019-10-31,QQQ,66.3598619282135,False,False,0.0406943143931191
2019-10-31,SPHQ,65.71419877266422,False,False,0.03346871662391271
2019-11-30,QQQ,69.19944097669025,False,False,0.03886359827896979
2019-11-30,SPHQ,68.57984470869748,False,False,0.03465037339722854
2019-12-31,QQQ,71.75159705631022,True,False,0.030384521637371043
2019-12-31,SPHQ,71.34001028593221,True,False,-0.00984418854377822
2020-01-31,QQQ,73.66060212542025,True,False,-0.06057432542553742
2020-01-31,SPHQ,69.40982905048145,False,False,-0.08257374840020648
2020-02-29,QQQ,64.08070863956738,False,False,-0.0728587001319666
2020-04-30,QQQ,65.10796126451393,False,False,0.06600897596317545
2020-05-31,QQQ,68.83317237877709,False,False,0.06286654877480635
2020-05-31,SPHQ,59.85333998812787,False,False,0.006276147449323144
2020-06-30,QQQ,72.09101939613103,True,False,0.0734653988317664
2020-06-30,SPHQ,60.32694188671819,False,False,0.043208303709359575
2020-07-31,QQQ,75.51454036550544,True,False,0.10944751789058982
2020-07-31,SPHQ,63.536181207606816,False,False,0.07877645623394147
2020-08-31,QQQ,79.78519445580139,True,False,-0.057786707424881234
2020-08-31,SPHQ,68.71906113556307,False,False,-0.02986185282532472
2020-09-30,QQQ,71.87679958014661,True,False,-0.03044912441481762
2020-09-30,SPHQ,64.67093012885434,False,False,-0.04009321544679745
2020-10-31,QQQ,68.25929882826692,False,False,0.11225793185369493
2020-10-31,SPHQ,59.73489912948456,False,False,0.0972783989539121
2020-11-30,QQQ,73.41068951591046,True,False,0.049024267039557534
2020-11-30,SPHQ,66.20461790609471,False,False,0.03850716273057375
2020-12-31,QQQ,75.49139597182341,True,False,0.002613896959569706
2020-12-31,SPHQ,68.56709573225294,False,False,-0.005937035834794435
2021-01-31,QQQ,75.60637737724622,True,False,-0.0013350223396274563
2021-01-31,SPHQ,67.75042919580815,False,False,0.02006712062009397
2021-02-28,QQQ,75.41127444762652,True,False,0.01716750070513884
2021-02-28,SPHQ,69.08285300469427,False,False,0.04161412841875878
2021-03-31,QQQ,76.25857066366441,True,False,0.05909794941562074
2021-03-31,SPHQ,71.74248521181063,True,False,0.031806842086655296
2021-04-30,QQQ,78.98876368229884,True,False,-0.012012175185866614
2021-04-30,SPHQ,73.68346983428549,True,False,0.018801771438718085
2021-05-31,QQQ,76.93762363490747,True,False,0.06262128415850676
2021-05-31,SPHQ,74.81955987060655,True,False,0.04610535343548916
2021-06-30,QQQ,79.84118836637245,True,False,0.028609367284164078
2021-06-30,SPHQ,77.43986993331356,True,False,0.026543350452367775
2021-07-31,QQQ,81.08615244106599,True,True,0.042186877634800446
2021-07-31,SPHQ,78.86623512689702,True,False,0.01944286239884363
2021-08-31,QQQ,82.81930542216254,True,True,-0.05683169109168362
2021-08-31,SPHQ,79.89554891954731,True,False,-0.04541901964400241
2021-09-30,QQQ,72.74115804938964,True,False,0.07864004330757379
2021-09-30,SPHQ,71.02396870875229,True,False,0.06055618004460772
2021-10-31,QQQ,76.72236710760205,True,False,0.019968627809172634
2021-10-31,SPHQ,74.85142283017963,True,False,-0.012623853530013607
2021-11-30,QQQ,77.68374599094912,True,False,0.011523134265750468
2021-11-30,SPHQ,72.56911226919732,True,False,0.05008445039452725
2021-12-31,QQQ,78.2530548222563,True,False,-0.08747026464524787
2021-12-31,SPHQ,75.69547967250226,True,False,-0.04190962743542548
2022-01-31,SPHQ,68.32647295073596,False,False,-0.026088623676734923
2022-11-30,SPHQ,54.77355124954203,False,False,-0.04951302435914473
2023-01-31,QQQ,48.86972884138135,False,False,-0.003597755043086459
2023-01-31,SPHQ,54.10946346653462,False,False,-0.02038133658662622
2023-02-28,QQQ,48.66547417564669,False,False,0.09492727062917261
2023-02-28,SPHQ,52.40724236873069,False,False,0.05202291764697575
2023-03-31,QQQ,54.09733619896116,False,False,0.005078995849006507
2023-03-31,SPHQ,56.12407342011665,False,False,0.01669500554492731
2023-04-30,QQQ,54.401735957602405,False,False,0.0788380528141881
2023-04-30,SPHQ,57.33550884114647,False,False,-0.008106418774049717
2023-05-31,QQQ,58.972836926332995,False,False,0.06303834741912784
2023-05-31,SPHQ,56.50606521456892,False,False,0.061253868639596254
2023-06-30,QQQ,62.468122506368864,False,False,0.03860118265495349
2023-06-30,SPHQ,61.053681987230696,False,False,0.037859103262018134
2023-07-31,QQQ,64.5833085466475,False,False,-0.014830178438607011
2023-07-31,SPHQ,63.73232963808999,False,False,0.002100749876761787
2023-08-31,QQQ,63.056250017624556,False,False,-0.05079842150471703
2023-08-31,SPHQ,63.88637455775877,False,False,-0.04291444014250467
2023-09-30,QQQ,58.06669172830853,False,False,-0.020654967104165478
2023-09-30,SPHQ,58.416372610287176,False,False,-0.02737826957372691
2023-10-31,QQQ,56.217743313280835,False,False,0.10818811709453646
2023-10-31,SPHQ,55.3027636806693,False,False,0.06718722893837503
2023-11-30,QQQ,62.767117889965085,False,False,0.055869734012742533
2023-11-30,SPHQ,60.688646074026124,False,False,0.04503589031858701
2023-12-31,QQQ,65.90997224341595,False,False,0.018192120323639704
2023-12-31,SPHQ,64.02782871198107,False,False,0.02958572590294395
2024-01-31,QQQ,66.94311715112572,False,False,0.05283344055468331
2024-01-31,SPHQ,66.15340419901307,False,False,0.04974874994508638
2024-02-29,QQQ,69.8526484806556,False,False,0.012749598982244592
2024-02-29,SPHQ,69.51219655090938,False,False,0.03729842820138041
2024-03-31,QQQ,70.56158531857722,True,False,-0.04373763616504367
2024-03-31,SPHQ,71.8775684670806,True,False,-0.03459127019481412
2024-04-30,QQQ,64.85534933914298,False,False,0.06151821266173463
2024-04-30,SPHQ,66.53001308092318,False,False,0.05366026017777714
2024-05-31,QQQ,68.54040972246833,False,False,0.06470120334628704
2024-05-31,SPHQ,70.11580913752033,True,False,0.036813626424026635
2024-06-30,QQQ,72.06245114860366,True,False,-0.01678111703049312
2024-06-30,SPHQ,72.4163154578878,True,False,0.016682409299629164
2024-07-31,QQQ,69.74052942870063,False,False,0.011038733359114872
2024-07-31,SPHQ,73.45044449990975,True,False,0.03157896260139559
2024-08-31,QQQ,70.4047223361869,True,False,0.026215967139363805
2024-08-31,SPHQ,75.36465700938446,True,False,0.012285655967964715
2024-09-30,QQQ,71.99428859610695,True,False,-0.008646381524940905
2024-09-30,SPHQ,76.10913592737441,True,False,-0.023784604031658385
2024-10-31,QQQ,70.61191269356411,True,False,0.05350835239351537
2024-10-31,SPHQ,71.54598927891877,True,False,0.05177399627764845
2024-11-30,QQQ,73.92040017795094,True,False,0.0045402796389355515
2024-11-30,SPHQ,74.97902249737182,True,False,-0.02678317357105331
2024-12-31,QQQ,74.20001571920332,True,False,0.02163402389840874
2024-12-31,SPHQ,70.02833220351897,True,False,0.04072801481048138
2025-01-31,QQQ,75.55122974461621,True,False,-0.027034690191345634
2025-01-31,SPHQ,72.88203403634324,True,False,0.007597497535314135
2025-02-28,QQQ,70.47649743103838,True,False,-0.0758619205882749
2025-02-28,SPHQ,73.411323989635,True,False,-0.05333153177359551
2025-05-31,QQQ,67.00520898342535,False,False,0.06385856450405347
2025-05-31,SPHQ,68.64900955788339,False,False,0.016136752617509353
2025-06-30,QQQ,71.11410462550329,True,False,0.024236854046483236
2025-06-30,SPHQ,69.90699261751797,False,False,0.0016837967270084686
2025-07-31,QQQ,72.59794938367712,True,False,0.00953964695185161
2025-07-31,SPHQ,70.04424319679931,True,False,0.014149626294224449
2025-08-31,QQQ,73.1957379778347,True,False,0.05376226752821256
2025-08-31,SPHQ,71.23358051105382,True,False,0.015463382093068967
2025-09-30,QQQ,76.35610114113953,True,False,0.0478038174643991
2025-09-30,SPHQ,72.535095223775,True,False,0.010506117721090558
2025-10-31,QQQ,78.86998531551461,True,False,-0.015610296739697826
2025-10-31,SPHQ,73.42833641896107,True,False,0.008911750612453861
2025-11-30,QQQ,75.89653056594577,True,False,-0.006699323526130563
2025-11-30,SPHQ,74.20281144296607,True,False,0.007425368772926211
2025-12-31,QQQ,74.6166864640799,True,False,0.012306484762509173
2025-12-31,SPHQ,74.8660091118748,True,False,0.031179139999589767
2026-01-31,QQQ,75.43081754449776,True,False,-0.02344542544546735
2026-01-31,SPHQ,77.50099121273041,True,False,0.04587165132858306
2026-02-28,QQQ,70.71986992218181,True,False,-0.048382514823681166
2026-02-28,SPHQ,80.79114850000204,True,True,-0.06750815112771247
2026-03-31,SPHQ,65.0284201224957,False,False,0.07833487429712926
2026-04-30,QQQ,72.99227574233957,True,False,0.07457990912823576
2026-04-30,SPHQ,71.5064486498314,True,False,0.02355693129724723
