symbol,cik,taxonomy,currency,phase1_in,skip_reason
AAL,6201,us-gaap,USD,True,
AEOS,919012,us-gaap,USD,True,
ALNY,1178670,us-gaap,USD,True,
ALTR,768251,us-gaap,USD,True,
ALXN,899866,us-gaap,USD,True,
AMLN,881464,us-gaap,USD,True,
ANSS,1013462,us-gaap,USD,True,
APCC,835910,,,False,no_companyfacts
APOL,929887,us-gaap,USD,True,
ARM,1973239,us-gaap,USD,True,
ASML,937966,us-gaap,EUR,False,non_usd_EUR
ATVI,718877,us-gaap,USD,True,
AZN,901832,ifrs-full,USD,False,ifrs_taxonomy
BATRA,1958140,us-gaap,USD,True,
BATRK,1958140,,,False,cik_dup_of:BATRA
BBBY,1130713,us-gaap,USD,True,
BEAS,1031798,,,False,no_companyfacts
BIDU,1329099,us-gaap,CNY,False,non_usd_CNY
BMC,835729,us-gaap,USD,True,
BMET,351346,us-gaap,USD,True,
BMRN,1048477,us-gaap,USD,True,
BRCM,1054374,us-gaap,USD,True,
CA,356028,us-gaap,USD,True,
CCEP,1650107,ifrs-full,EUR,False,ifrs_taxonomy
CDWC,899171,,,False,no_companyfacts
CELG,816284,us-gaap,USD,True,
CEPH,873364,us-gaap,USD,True,
CERN,804753,us-gaap,USD,True,
CHKP,1015922,us-gaap,USD,True,
CKFR,949341,,,False,no_companyfacts
CMCSK,1166691,(in_valuein),,False,cik_in_valuein
CMVT,803014,us-gaap,USD,True,
CTRX,1363851,us-gaap,USD,True,
CTXS,877890,us-gaap,USD,True,
DISCA,1437107,(in_valuein),,False,cik_in_valuein
DISCK,1437107,(in_valuein),,False,cik_in_valuein
DISH,1001082,us-gaap,USD,True,
DOCU,1261333,us-gaap,USD,True,
DTV,1465112,us-gaap,USD,True,
ENDP,1593034,us-gaap,USD,True,
ENPH,1463101,us-gaap,USD,True,
ERIC,717826,ifrs-full,SEK,False,ifrs_taxonomy
ESRX,1532063,us-gaap,USD,True,
FER,1468522,ifrs-full,EUR,False,ifrs_taxonomy
FLEX,866374,us-gaap,USD,True,
FLIR,354908,us-gaap,USD,True,
FMCN,1330017,us-gaap,USD,True,
FOSL,883569,us-gaap,USD,True,
FOX,1754301,(in_valuein),,False,cik_in_valuein
FWLT,1130385,us-gaap,USD,True,
GENZ,732485,us-gaap,USD,True,
GFS,1709048,ifrs-full,USD,False,ifrs_taxonomy
GMCR,909954,us-gaap,USD,True,
GOLD,1591588,us-gaap,USD,True,
GOOG,1652044,(in_valuein),,False,cik_in_valuein
HOLX,859737,us-gaap,USD,True,
IACI,891103,(in_valuein),,False,cik_in_valuein
ILMN,1110803,us-gaap,USD,True,
INFY,1067491,ifrs-full,USD,False,ifrs_taxonomy
INSM,1104506,us-gaap,USD,True,
JAVA,709519,,,False,no_companyfacts
JD,1549802,us-gaap,CNY,False,non_usd_CNY
JNPR,1043604,us-gaap,USD,True,
JOYG,801898,us-gaap,USD,True,
KRFT,1545158,us-gaap,USD,True,
LAMR,1090425,us-gaap,USD,True,
LBTYA,1570585,us-gaap,USD,True,
LBTYK,1570585,,,False,cik_dup_of:LBTYA
LCID,1811210,us-gaap,USD,True,
LEAP,1065049,us-gaap,USD,True,
LIFE,1788451,us-gaap,USD,True,
LILA,1712184,us-gaap,USD,True,
LILAK,1712184,,,False,cik_dup_of:LILA
LLTC,791907,us-gaap,USD,True,
LMCA,,,,False,liberty_tracking_ambiguous
LMCK,,,,False,liberty_tracking_ambiguous
LOGI,1032975,us-gaap,USD,True,
LVLT,794323,us-gaap,USD,True,
MAT,63276,us-gaap,USD,True,
MDB,1441816,us-gaap,USD,True,
MEDI,873591,,,False,no_companyfacts
MELI,1099590,us-gaap,USD,True,
MICC,2071668,ifrs-full,EUR,False,ifrs_taxonomy
MRVL,1835632,us-gaap,USD,True,
MSTR,1050446,us-gaap,USD,True,
MXIM,743316,us-gaap,USD,True,
MYL,1623613,us-gaap,USD,True,
NDOI,1100962,us-gaap,USD,True,
NIHD,1037016,us-gaap,USD,True,
NLOK,849399,(in_valuein),,False,cik_in_valuein
NLTI,1270400,,,False,cik_dup_of:VMED
NTES,1110646,us-gaap,CNY,False,non_usd_CNY
NUAN,1102556,,,False,no_companyfacts
OKTA,1660134,us-gaap,USD,True,
PDCO,891024,us-gaap,USD,True,
PDD,1737806,us-gaap,CNY,False,non_usd_CNY
PETM,863157,us-gaap,USD,True,
PPDI,1003124,us-gaap,USD,True,
PRGO,1585364,us-gaap,USD,True,
PTEN,889900,us-gaap,USD,True,
PTON,1639825,us-gaap,USD,True,
QGEN,1015820,us-gaap,USD,True,
QRTEA,1355096,us-gaap,USD,True,
RIMM,1070235,us-gaap,USD,True,
RIVN,1874178,us-gaap,USD,True,
RYAAY,1038683,ifrs-full,EUR,False,ifrs_taxonomy
SEPR,877357,,,False,no_companyfacts
SGEN,1060736,us-gaap,USD,True,
SHLD,1310067,us-gaap,USD,True,
SHOP,1594805,us-gaap,USD,True,
SHPG,936402,us-gaap,USD,True,
SIAL,90185,us-gaap,USD,True,
SIRI,908937,us-gaap,USD,True,
SOLS,2064953,us-gaap,USD,True,
SPLK,1353283,us-gaap,USD,True,
SPLS,791519,us-gaap,USD,True,
SRCL,861878,us-gaap,USD,True,
STRZA,1507934,us-gaap,USD,True,
TCFCA,1308161,us-gaap,USD,True,
TCFCB,1308161,,,False,cik_dup_of:TCFCA
TCOM,1269238,us-gaap,CNY,False,non_usd_CNY
TEAM,1650372,us-gaap,USD,True,
TEVA,818686,us-gaap,USD,True,
TLAB,317771,us-gaap,USD,True,
TRI,1075124,ifrs-full,USD,False,ifrs_taxonomy
TRIP,1526520,us-gaap,USD,True,
UAUA,100517,(in_valuein),,False,cik_in_valuein
URBN,912615,us-gaap,USD,True,
VIAB,813828,us-gaap,USD,True,
VIP,,,,False,foreign_no_cik
VMED,1270400,us-gaap,GBP,False,non_usd_GBP
VOD,839923,ifrs-full,EUR,False,ifrs_taxonomy
VSNT,2067876,us-gaap,USD,True,
WBA,1618921,us-gaap,USD,True,
WCRX,1323854,us-gaap,USD,True,
WFM,865436,us-gaap,USD,True,
WLTW,1140536,(in_valuein),,False,cik_in_valuein
XLNX,743988,us-gaap,USD,True,
XMSR,1091530,,,False,no_companyfacts
XRAY,818479,us-gaap,USD,True,
YHOO,1011006,us-gaap,USD,True,
ZM,1585521,us-gaap,USD,True,
ZS,1713683,us-gaap,USD,True,
