Date,SP500,Earnings
1871-01-31,4.44,0.4
1871-02-28,4.5,0.4
1871-03-31,4.61,0.4
1871-04-30,4.74,0.4
1871-05-31,4.86,0.4
1871-06-30,4.82,0.4
1871-07-31,4.73,0.4
1871-08-31,4.79,0.4
1871-09-30,4.84,0.4
1871-10-31,4.59,0.4
1871-11-30,4.64,0.4
1871-12-31,4.74,0.4
1872-01-31,4.86,0.4025
1872-02-29,4.88,0.405
1872-03-31,5.04,0.4075
1872-04-30,5.18,0.41
1872-05-31,5.18,0.4125
1872-06-30,5.13,0.415
1872-07-31,5.1,0.4175
1872-08-31,5.04,0.42
1872-09-30,4.95,0.4225
1872-10-31,4.97,0.425
1872-11-30,4.95,0.4275
1872-12-31,5.07,0.43
1873-01-31,5.11,0.4325
1873-02-28,5.15,0.435
1873-03-31,5.11,0.4375
1873-04-30,5.04,0.44
1873-05-31,5.05,0.4425
1873-06-30,4.98,0.445
1873-07-31,4.97,0.4475
1873-08-31,4.97,0.45
1873-09-30,4.59,0.4525
1873-10-31,4.19,0.455
1873-11-30,4.04,0.4575
1873-12-31,4.42,0.46
1874-01-31,4.66,0.46
1874-02-28,4.8,0.46
1874-03-31,4.73,0.46
1874-04-30,4.6,0.46
1874-05-31,4.48,0.46
1874-06-30,4.46,0.46
1874-07-31,4.46,0.46
1874-08-31,4.47,0.46
1874-09-30,4.54,0.46
1874-10-31,4.53,0.46
1874-11-30,4.57,0.46
1874-12-31,4.54,0.46
1875-01-31,4.54,0.4517
1875-02-28,4.53,0.4433
1875-03-31,4.59,0.435
1875-04-30,4.65,0.4267
1875-05-31,4.47,0.4183
1875-06-30,4.38,0.41
1875-07-31,4.39,0.4017
1875-08-31,4.41,0.3933
1875-09-30,4.37,0.385
1875-10-31,4.3,0.3767
1875-11-30,4.37,0.3683
1875-12-31,4.37,0.36
1876-01-31,4.46,0.3533
1876-02-29,4.52,0.3467
1876-03-31,4.51,0.34
1876-04-30,4.34,0.3333
1876-05-31,4.18,0.3267
1876-06-30,4.15,0.32
1876-07-31,4.1,0.3133
1876-08-31,3.93,0.3067
1876-09-30,3.69,0.3
1876-10-31,3.67,0.2933
1876-11-30,3.6,0.2867
1876-12-31,3.58,0.28
1877-01-31,3.55,0.2817
1877-02-28,3.34,0.2833
1877-03-31,3.17,0.285
1877-04-30,2.94,0.2867
1877-05-31,2.94,0.2883
1877-06-30,2.73,0.29
1877-07-31,2.85,0.2917
1877-08-31,3.05,0.2933
1877-09-30,3.24,0.295
1877-10-31,3.31,0.2967
1877-11-30,3.26,0.2983
1877-12-31,3.25,0.3
1878-01-31,3.25,0.3008
1878-02-28,3.18,0.3017
1878-03-31,3.24,0.3025
1878-04-30,3.33,0.3033
1878-05-31,3.34,0.3042
1878-06-30,3.41,0.305
1878-07-31,3.48,0.3058
1878-08-31,3.45,0.3067
1878-09-30,3.52,0.3075
1878-10-31,3.48,0.3083
1878-11-30,3.47,0.3092
1878-12-31,3.45,0.31
1879-01-31,3.58,0.3158
1879-02-28,3.71,0.3217
1879-03-31,3.65,0.3275
1879-04-30,3.77,0.3333
1879-05-31,3.94,0.3392
1879-06-30,3.96,0.345
1879-07-31,4.04,0.3508
1879-08-31,4.07,0.3567
1879-09-30,4.22,0.3625
1879-10-31,4.68,0.3683
1879-11-30,4.93,0.3742
1879-12-31,4.92,0.38
1880-01-31,5.11,0.3892
1880-02-29,5.2,0.3983
1880-03-31,5.3,0.4075
1880-04-30,5.18,0.4167
1880-05-31,4.77,0.4258
1880-06-30,4.79,0.435
1880-07-31,5.01,0.4442
1880-08-31,5.19,0.4533
1880-09-30,5.18,0.4625
1880-10-31,5.33,0.4717
1880-11-30,5.61,0.4808
1880-12-31,5.84,0.49
1881-01-31,6.19,0.4858
1881-02-28,6.17,0.4817
1881-03-31,6.24,0.4775
1881-04-30,6.22,0.4733
1881-05-31,6.5,0.4692
1881-06-30,6.58,0.465
1881-07-31,6.35,0.4608
1881-08-31,6.2,0.4567
1881-09-30,6.25,0.4525
1881-10-31,6.15,0.4483
1881-11-30,6.19,0.4442
1881-12-31,6.01,0.44
1882-01-31,5.92,0.4392
1882-02-28,5.79,0.4383
1882-03-31,5.78,0.4375
1882-04-30,5.78,0.4367
1882-05-31,5.71,0.4358
1882-06-30,5.68,0.435
1882-07-31,6.0,0.4342
1882-08-31,6.18,0.4333
1882-09-30,6.24,0.4325
1882-10-31,6.07,0.4317
1882-11-30,5.81,0.4308
1882-12-31,5.84,0.43
1883-01-31,5.81,0.4275
1883-02-28,5.68,0.425
1883-03-31,5.75,0.4225
1883-04-30,5.87,0.42
1883-05-31,5.77,0.4175
1883-06-30,5.82,0.415
1883-07-31,5.73,0.4125
1883-08-31,5.47,0.41
1883-09-30,5.53,0.4075
1883-10-31,5.38,0.405
1883-11-30,5.46,0.4025
1883-12-31,5.34,0.4
1884-01-31,5.18,0.3925
1884-02-29,5.32,0.385
1884-03-31,5.3,0.3775
1884-04-30,5.06,0.37
1884-05-31,4.65,0.3625
1884-06-30,4.46,0.355
1884-07-31,4.46,0.3475
1884-08-31,4.74,0.34
1884-09-30,4.59,0.3325
1884-10-31,4.44,0.325
1884-11-30,4.35,0.3175
1884-12-31,4.34,0.31
1885-01-31,4.24,0.3067
1885-02-28,4.37,0.3033
1885-03-31,4.38,0.3
1885-04-30,4.37,0.2967
1885-05-31,4.32,0.2933
1885-06-30,4.3,0.29
1885-07-31,4.46,0.2867
1885-08-31,4.71,0.2833
1885-09-30,4.65,0.28
1885-10-31,4.92,0.2767
1885-11-30,5.24,0.2733
1885-12-31,5.2,0.27
1886-01-31,5.2,0.275
1886-02-28,5.3,0.28
1886-03-31,5.19,0.285
1886-04-30,5.12,0.29
1886-05-31,5.02,0.295
1886-06-30,5.25,0.3
1886-07-31,5.33,0.305
1886-08-31,5.37,0.31
1886-09-30,5.51,0.315
1886-10-31,5.65,0.32
1886-11-30,5.79,0.325
1886-12-31,5.64,0.33
1887-01-31,5.58,0.3325
1887-02-28,5.54,0.335
1887-03-31,5.67,0.3375
1887-04-30,5.8,0.34
1887-05-31,5.9,0.3425
1887-06-30,5.73,0.345
1887-07-31,5.59,0.3475
1887-08-31,5.45,0.35
1887-09-30,5.38,0.3525
1887-10-31,5.2,0.355
1887-11-30,5.3,0.3575
1887-12-31,5.27,0.36
1888-01-31,5.31,0.3517
1888-02-29,5.28,0.3433
1888-03-31,5.08,0.335
1888-04-30,5.1,0.3267
1888-05-31,5.17,0.3183
1888-06-30,5.01,0.31
1888-07-31,5.14,0.3017
1888-08-31,5.25,0.2933
1888-09-30,5.38,0.285
1888-10-31,5.35,0.2767
1888-11-30,5.24,0.2683
1888-12-31,5.14,0.26
1889-01-31,5.24,0.2633
1889-02-28,5.3,0.2667
1889-03-31,5.19,0.27
1889-04-30,5.18,0.2733
1889-05-31,5.32,0.2767
1889-06-30,5.41,0.28
1889-07-31,5.3,0.2833
1889-08-31,5.37,0.2867
1889-09-30,5.5,0.29
1889-10-31,5.4,0.2933
1889-11-30,5.35,0.2967
1889-12-31,5.32,0.3
1890-01-31,5.38,0.2992
1890-02-28,5.32,0.2983
1890-03-31,5.28,0.2975
1890-04-30,5.39,0.2967
1890-05-31,5.62,0.2958
1890-06-30,5.58,0.295
1890-07-31,5.54,0.2942
1890-08-31,5.41,0.2933
1890-09-30,5.32,0.2925
1890-10-31,5.08,0.2917
1890-11-30,4.71,0.2908
1890-12-31,4.6,0.29
1891-01-31,4.84,0.2942
1891-02-28,4.9,0.2983
1891-03-31,4.81,0.3025
1891-04-30,4.97,0.3067
1891-05-31,4.95,0.3108
1891-06-30,4.85,0.315
1891-07-31,4.77,0.3192
1891-08-31,4.93,0.3233
1891-09-30,5.33,0.3275
1891-10-31,5.33,0.3317
1891-11-30,5.25,0.3358
1891-12-31,5.41,0.34
1892-01-31,5.51,0.3425
1892-02-29,5.52,0.345
1892-03-31,5.58,0.3475
1892-04-30,5.57,0.35
1892-05-31,5.57,0.3525
1892-06-30,5.54,0.355
1892-07-31,5.54,0.3575
1892-08-31,5.62,0.36
1892-09-30,5.48,0.3625
1892-10-31,5.59,0.365
1892-11-30,5.57,0.3675
1892-12-31,5.51,0.37
1893-01-31,5.61,0.3608
1893-02-28,5.51,0.3517
1893-03-31,5.31,0.3425
1893-04-30,5.31,0.3333
1893-05-31,4.84,0.3242
1893-06-30,4.61,0.315
1893-07-31,4.18,0.3058
1893-08-31,4.08,0.2967
1893-09-30,4.37,0.2875
1893-10-31,4.5,0.2783
1893-11-30,4.57,0.2692
1893-12-31,4.41,0.26
1894-01-31,4.32,0.2517
1894-02-28,4.38,0.2433
1894-03-31,4.51,0.235
1894-04-30,4.57,0.2267
1894-05-31,4.4,0.2183
1894-06-30,4.34,0.21
1894-07-31,4.25,0.2017
1894-08-31,4.41,0.1933
1894-09-30,4.48,0.185
1894-10-31,4.34,0.1767
1894-11-30,4.34,0.1683
1894-12-31,4.3,0.16
1895-01-31,4.25,0.1675
1895-02-28,4.19,0.175
1895-03-31,4.19,0.1825
1895-04-30,4.37,0.19
1895-05-31,4.61,0.1975
1895-06-30,4.7,0.205
1895-07-31,4.72,0.2125
1895-08-31,4.79,0.22
1895-09-30,4.82,0.2275
1895-10-31,4.75,0.235
1895-11-30,4.59,0.2425
1895-12-31,4.32,0.25
1896-01-31,4.27,0.2467
1896-02-29,4.45,0.2433
1896-03-31,4.38,0.24
1896-04-30,4.42,0.2367
1896-05-31,4.4,0.2333
1896-06-30,4.32,0.23
1896-07-31,4.04,0.2267
1896-08-31,3.81,0.2233
1896-09-30,4.01,0.22
1896-10-31,4.1,0.2167
1896-11-30,4.38,0.2133
1896-12-31,4.22,0.21
1897-01-31,4.22,0.2183
1897-02-28,4.18,0.2267
1897-03-31,4.19,0.235
1897-04-30,4.06,0.2433
1897-05-31,4.08,0.2517
1897-06-30,4.27,0.26
1897-07-31,4.46,0.2683
1897-08-31,4.75,0.2767
1897-09-30,4.98,0.285
1897-10-31,4.82,0.2933
1897-11-30,4.65,0.3017
1897-12-31,4.75,0.31
1898-01-31,4.88,0.3133
1898-02-28,4.87,0.3167
1898-03-31,4.65,0.32
1898-04-30,4.57,0.3233
1898-05-31,4.87,0.3267
1898-06-30,5.06,0.33
1898-07-31,5.08,0.3333
1898-08-31,5.27,0.3367
1898-09-30,5.26,0.34
1898-10-31,5.15,0.3433
1898-11-30,5.32,0.3467
1898-12-31,5.65,0.35
1899-01-31,6.08,0.3608
1899-02-28,6.31,0.3717
1899-03-31,6.4,0.3825
1899-04-30,6.48,0.3933
1899-05-31,6.21,0.4042
1899-06-30,6.07,0.415
1899-07-31,6.28,0.4258
1899-08-31,6.44,0.4367
1899-09-30,6.37,0.4475
1899-10-31,6.34,0.4583
1899-11-30,6.46,0.4692
1899-12-31,6.02,0.48
1900-01-31,6.1,0.48
1900-02-28,6.21,0.48
1900-03-31,6.26,0.48
1900-04-30,6.34,0.48
1900-05-31,6.04,0.48
1900-06-30,5.86,0.48
1900-07-31,5.86,0.48
1900-08-31,5.94,0.48
1900-09-30,5.8,0.48
1900-10-31,6.01,0.48
1900-11-30,6.48,0.48
1900-12-31,6.87,0.48
1901-01-31,7.07,0.4817
1901-02-28,7.25,0.4833
1901-03-31,7.51,0.485
1901-04-30,8.14,0.4867
1901-05-31,7.73,0.4883
1901-06-30,8.5,0.49
1901-07-31,7.93,0.4917
1901-08-31,8.04,0.4933
1901-09-30,8.0,0.495
1901-10-31,7.91,0.4967
1901-11-30,8.08,0.4983
1901-12-31,7.95,0.5
1902-01-31,8.12,0.5108
1902-02-28,8.19,0.5217
1902-03-31,8.2,0.5325
1902-04-30,8.48,0.5433
1902-05-31,8.46,0.5542
1902-06-30,8.41,0.565
1902-07-31,8.6,0.5758
1902-08-31,8.83,0.5867
1902-09-30,8.85,0.5975
1902-10-31,8.57,0.6083
1902-11-30,8.24,0.6192
1902-12-31,8.05,0.63
1903-01-31,8.46,0.6217
1903-02-28,8.41,0.6133
1903-03-31,8.08,0.605
1903-04-30,7.75,0.5967
1903-05-31,7.6,0.5883
1903-06-30,7.18,0.58
1903-07-31,6.85,0.5717
1903-08-31,6.63,0.5633
1903-09-30,6.47,0.555
1903-10-31,6.26,0.5467
1903-11-30,6.28,0.5383
1903-12-31,6.57,0.53
1904-01-31,6.68,0.5267
1904-02-29,6.5,0.5233
1904-03-31,6.48,0.52
1904-04-30,6.64,0.5167
1904-05-31,6.5,0.5133
1904-06-30,6.51,0.51
1904-07-31,6.78,0.5067
1904-08-31,7.01,0.5033
1904-09-30,7.32,0.5
1904-10-31,7.75,0.4967
1904-11-30,8.17,0.4933
1904-12-31,8.25,0.49
1905-01-31,8.43,0.505
1905-02-28,8.8,0.52
1905-03-31,9.05,0.535
1905-04-30,8.94,0.55
1905-05-31,8.5,0.565
1905-06-30,8.6,0.58
1905-07-31,8.87,0.595
1905-08-31,9.2,0.61
1905-09-30,9.23,0.625
1905-10-31,9.36,0.64
1905-11-30,9.31,0.655
1905-12-31,9.54,0.67
1906-01-31,9.87,0.6775
1906-02-28,9.8,0.685
1906-03-31,9.56,0.6925
1906-04-30,9.43,0.7
1906-05-31,9.18,0.7075
1906-06-30,9.3,0.715
1906-07-31,9.06,0.7225
1906-08-31,9.73,0.73
1906-09-30,10.03,0.7375
1906-10-31,9.73,0.745
1906-11-30,9.93,0.7525
1906-12-31,9.84,0.76
1907-01-31,9.56,0.7517
1907-02-28,9.26,0.7433
1907-03-31,8.35,0.735
1907-04-30,8.39,0.7267
1907-05-31,8.1,0.7183
1907-06-30,7.84,0.71
1907-07-31,8.14,0.7017
1907-08-31,7.53,0.6933
1907-09-30,7.45,0.685
1907-10-31,6.64,0.6767
1907-11-30,6.25,0.6683
1907-12-31,6.57,0.66
1908-01-31,6.85,0.6533
1908-02-29,6.6,0.6467
1908-03-31,6.87,0.64
1908-04-30,7.24,0.6333
1908-05-31,7.63,0.6267
1908-06-30,7.64,0.62
1908-07-31,7.92,0.6133
1908-08-31,8.26,0.6067
1908-09-30,8.17,0.6
1908-10-31,8.27,0.5933
1908-11-30,8.83,0.5867
1908-12-31,9.03,0.58
1909-01-31,9.06,0.595
1909-02-28,8.8,0.61
1909-03-31,8.92,0.625
1909-04-30,9.32,0.64
1909-05-31,9.63,0.655
1909-06-30,9.8,0.67
1909-07-31,9.94,0.685
1909-08-31,10.18,0.7
1909-09-30,10.19,0.715
1909-10-31,10.23,0.73
1909-11-30,10.18,0.745
1909-12-31,10.3,0.76
1910-01-31,10.08,0.7575
1910-02-28,9.72,0.755
1910-03-31,9.96,0.7525
1910-04-30,9.72,0.75
1910-05-31,9.56,0.7475
1910-06-30,9.1,0.745
1910-07-31,8.64,0.7425
1910-08-31,8.85,0.74
1910-09-30,8.91,0.7375
1910-10-31,9.32,0.735
1910-11-30,9.31,0.7325
1910-12-31,9.05,0.73
1911-01-31,9.27,0.7183
1911-02-28,9.43,0.7067
1911-03-31,9.32,0.695
1911-04-30,9.28,0.6833
1911-05-31,9.48,0.6717
1911-06-30,9.67,0.66
1911-07-31,9.63,0.6483
1911-08-31,9.17,0.6367
1911-09-30,8.67,0.625
1911-10-31,8.72,0.6133
1911-11-30,9.07,0.6017
1911-12-31,9.11,0.59
1912-01-31,9.12,0.5992
1912-02-29,9.04,0.6083
1912-03-31,9.3,0.6175
1912-04-30,9.59,0.6267
1912-05-31,9.58,0.6358
1912-06-30,9.58,0.645
1912-07-31,9.59,0.6542
1912-08-31,9.81,0.6633
1912-09-30,9.86,0.6725
1912-10-31,9.84,0.6817
1912-11-30,9.73,0.6908
1912-12-31,9.38,0.7
1913-01-31,9.3,0.6942
1913-02-28,8.97,0.6883
1913-03-31,8.8,0.6825
1913-04-30,8.79,0.6767
1913-05-31,8.55,0.6708
1913-06-30,8.12,0.665
1913-07-31,8.23,0.6592
1913-08-31,8.45,0.6533
1913-09-30,8.53,0.6475
1913-10-31,8.26,0.6417
1913-11-30,8.05,0.6358
1913-12-31,8.04,0.63
1914-01-31,8.37,0.6208
1914-02-28,8.48,0.6117
1914-03-31,8.32,0.6025
1914-04-30,8.12,0.5933
1914-05-31,8.17,0.5842
1914-06-30,8.13,0.575
1914-07-31,7.68,0.5658
1914-08-31,7.68,0.5567
1914-09-30,7.68,0.5475
1914-10-31,7.68,0.5383
1914-11-30,7.68,0.5292
1914-12-31,7.35,0.52
1915-01-31,7.48,0.55
1915-02-28,7.38,0.58
1915-03-31,7.57,0.61
1915-04-30,8.14,0.64
1915-05-31,7.95,0.67
1915-06-30,8.04,0.7
1915-07-31,8.01,0.73
1915-08-31,8.35,0.76
1915-09-30,8.66,0.79
1915-10-31,9.14,0.82
1915-11-30,9.46,0.85
1915-12-31,9.48,0.88
1916-01-31,9.33,0.9342
1916-02-29,9.2,0.9883
1916-03-31,9.17,1.042
1916-04-30,9.07,1.097
1916-05-31,9.27,1.151
1916-06-30,9.36,1.205
1916-07-31,9.23,1.259
1916-08-31,9.3,1.313
1916-09-30,9.68,1.368
1916-10-31,9.98,1.422
1916-11-30,10.21,1.476
1916-12-31,9.8,1.53
1917-01-31,9.57,1.509
1917-02-28,9.03,1.488
1917-03-31,9.31,1.468
1917-04-30,9.17,1.447
1917-05-31,8.86,1.426
1917-06-30,9.04,1.405
1917-07-31,8.79,1.384
1917-08-31,8.53,1.363
1917-09-30,8.12,1.343
1917-10-31,7.68,1.322
1917-11-30,7.04,1.301
1917-12-31,6.8,1.28
1918-01-31,7.21,1.256
1918-02-28,7.43,1.232
1918-03-31,7.28,1.208
1918-04-30,7.21,1.183
1918-05-31,7.44,1.159
1918-06-30,7.45,1.135
1918-07-31,7.51,1.111
1918-08-31,7.58,1.087
1918-09-30,7.54,1.063
1918-10-31,7.86,1.038
1918-11-30,8.06,1.014
1918-12-31,7.9,0.99
1919-01-31,7.85,0.985
1919-02-28,7.88,0.98
1919-03-31,8.12,0.975
1919-04-30,8.39,0.97
1919-05-31,8.97,0.965
1919-06-30,9.21,0.96
1919-07-31,9.51,0.955
1919-08-31,8.87,0.95
1919-09-30,9.01,0.945
1919-10-31,9.47,0.94
1919-11-30,9.19,0.935
1919-12-31,8.92,0.93
1920-01-31,8.83,0.9192
1920-02-29,8.1,0.9083
1920-03-31,8.67,0.8975
1920-04-30,8.6,0.8867
1920-05-31,8.06,0.8758
1920-06-30,7.92,0.865
1920-07-31,7.91,0.8542
1920-08-31,7.6,0.8433
1920-09-30,7.87,0.8325
1920-10-31,7.88,0.8217
1920-11-30,7.48,0.8108
1920-12-31,6.81,0.8
1921-01-31,7.11,0.7575
1921-02-28,7.06,0.715
1921-03-31,6.88,0.6725
1921-04-30,6.91,0.63
1921-05-31,7.12,0.5875
1921-06-30,6.55,0.545
1921-07-31,6.53,0.5025
1921-08-31,6.45,0.46
1921-09-30,6.61,0.4175
1921-10-31,6.7,0.375
1921-11-30,7.06,0.3325
1921-12-31,7.31,0.29
1922-01-31,7.3,0.3233
1922-02-28,7.46,0.3567
1922-03-31,7.74,0.39
1922-04-30,8.21,0.4233
1922-05-31,8.53,0.4567
1922-06-30,8.45,0.49
1922-07-31,8.51,0.5233
1922-08-31,8.83,0.5567
1922-09-30,9.06,0.59
1922-10-31,9.26,0.6233
1922-11-30,8.8,0.6567
1922-12-31,8.78,0.69
1923-01-31,8.9,0.7142
1923-02-28,9.28,0.7383
1923-03-31,9.43,0.7625
1923-04-30,9.1,0.7867
1923-05-31,8.67,0.8108
1923-06-30,8.34,0.835
1923-07-31,8.06,0.8592
1923-08-31,8.1,0.8833
1923-09-30,8.15,0.9075
1923-10-31,8.03,0.9317
1923-11-30,8.27,0.9558
1923-12-31,8.55,0.98
1924-01-31,8.83,0.9758
1924-02-29,8.87,0.9717
1924-03-31,8.7,0.9675
1924-04-30,8.5,0.9633
1924-05-31,8.47,0.9592
1924-06-30,8.63,0.955
1924-07-31,9.03,0.9508
1924-08-31,9.34,0.9467
1924-09-30,9.25,0.9425
1924-10-31,9.13,0.9383
1924-11-30,9.64,0.9342
1924-12-31,10.16,0.93
1925-01-31,10.58,0.9567
1925-02-28,10.67,0.9833
1925-03-31,10.39,1.01
1925-04-30,10.28,1.037
1925-05-31,10.61,1.063
1925-06-30,10.8,1.09
1925-07-31,11.1,1.117
1925-08-31,11.25,1.143
1925-09-30,11.51,1.17
1925-10-31,11.89,1.197
1925-11-30,12.26,1.223
1925-12-31,12.46,1.25
1926-01-31,12.65,1.249
1926-02-28,12.67,1.248
1926-03-31,11.81,1.248
1926-04-30,11.48,1.247
1926-05-31,11.56,1.246
1926-06-30,12.11,1.245
1926-07-31,12.62,1.244
1926-08-31,13.12,1.243
1926-09-30,13.32,1.242
1926-10-31,13.02,1.242
1926-11-30,13.19,1.241
1926-12-31,13.49,1.24
1927-01-31,13.4,1.229
1927-02-28,13.66,1.218
1927-03-31,13.87,1.208
1927-04-30,14.21,1.197
1927-05-31,14.7,1.186
1927-06-30,14.89,1.175
1927-07-31,15.22,1.164
1927-08-31,16.03,1.153
1927-09-30,16.94,1.143
1927-10-31,16.68,1.132
1927-11-30,17.06,1.121
1927-12-31,17.46,1.11
1928-01-31,17.53,1.133
1928-02-29,17.32,1.155
1928-03-31,18.25,1.177
1928-04-30,19.4,1.2
1928-05-31,20.0,1.222
1928-06-30,19.02,1.245
1928-07-31,19.16,1.268
1928-08-31,19.78,1.29
1928-09-30,21.17,1.312
1928-10-31,21.6,1.335
1928-11-30,23.06,1.357
1928-12-31,23.15,1.38
1929-01-31,24.86,1.399
1929-02-28,24.99,1.418
1929-03-31,25.43,1.438
1929-04-30,25.28,1.457
1929-05-31,25.66,1.476
1929-06-30,26.15,1.495
1929-07-31,28.48,1.514
1929-08-31,30.1,1.533
1929-09-30,31.3,1.552
1929-10-31,27.99,1.572
1929-11-30,20.58,1.591
1929-12-31,21.4,1.61
1930-01-31,21.71,1.557
1930-02-28,23.07,1.503
1930-03-31,23.94,1.45
1930-04-30,25.46,1.397
1930-05-31,23.94,1.343
1930-06-30,21.52,1.29
1930-07-31,21.06,1.237
1930-08-31,20.79,1.183
1930-09-30,20.78,1.13
1930-10-31,17.92,1.077
1930-11-30,16.62,1.023
1930-12-31,15.51,0.97
1931-01-31,15.98,0.94
1931-02-28,17.2,0.91
1931-03-31,17.53,0.88
1931-04-30,15.86,0.85
1931-05-31,14.33,0.82
1931-06-30,13.87,0.79
1931-07-31,14.33,0.76
1931-08-31,13.9,0.73
1931-09-30,11.83,0.7
1931-10-31,10.25,0.67
1931-11-30,10.39,0.64
1931-12-31,8.44,0.61
1932-01-31,8.3,0.5933
1932-02-29,8.23,0.5767
1932-03-31,8.26,0.56
1932-04-30,6.28,0.5433
1932-05-31,5.51,0.5267
1932-06-30,4.77,0.51
1932-07-31,5.01,0.4933
1932-08-31,7.53,0.4767
1932-09-30,8.26,0.46
1932-10-31,7.12,0.4433
1932-11-30,7.05,0.4267
1932-12-31,6.82,0.41
1933-01-31,7.09,0.4125
1933-02-28,6.25,0.415
1933-03-31,6.23,0.4175
1933-04-30,6.89,0.42
1933-05-31,8.87,0.4225
1933-06-30,10.39,0.425
1933-07-31,11.23,0.4275
1933-08-31,10.67,0.43
1933-09-30,10.58,0.4325
1933-10-31,9.55,0.435
1933-11-30,9.78,0.4375
1933-12-31,9.97,0.44
1934-01-31,10.54,0.4442
1934-02-28,11.32,0.4483
1934-03-31,10.74,0.4525
1934-04-30,10.92,0.4567
1934-05-31,9.81,0.4608
1934-06-30,9.94,0.465
1934-07-31,9.47,0.4692
1934-08-31,9.1,0.4733
1934-09-30,8.88,0.4775
1934-10-31,8.95,0.4817
1934-11-30,9.2,0.4858
1934-12-31,9.26,0.49
1935-01-31,9.26,0.57
1935-02-28,8.98,0.65
1935-03-31,8.41,0.73
1935-04-30,9.04,0.756667
1935-05-31,9.75,0.783333
1935-06-30,10.12,0.81
1935-07-31,10.65,0.793333
1935-08-31,11.37,0.776667
1935-09-30,11.61,0.76
1935-10-31,11.92,0.76
1935-11-30,13.04,0.76
1935-12-31,13.04,0.76
1936-01-31,13.76,0.77
1936-02-29,14.55,0.78
1936-03-31,14.86,0.79
1936-04-30,14.88,0.82
1936-05-31,14.09,0.85
1936-06-30,14.69,0.88
1936-07-31,15.56,0.9
1936-08-31,15.87,0.92
1936-09-30,16.05,0.94
1936-10-31,16.89,0.966667
1936-11-30,17.36,0.993333
1936-12-31,17.06,1.02
1937-01-31,17.59,1.05
1937-02-28,18.11,1.08
1937-03-31,18.09,1.11
1937-04-30,17.01,1.13
1937-05-31,16.25,1.15
1937-06-30,15.64,1.17
1937-07-31,16.57,1.18667
1937-08-31,16.74,1.20333
1937-09-30,14.37,1.22
1937-10-31,12.28,1.19
1937-11-30,11.2,1.16
1937-12-31,11.02,1.13
1938-01-31,11.31,1.07667
1938-02-28,11.04,1.02333
1938-03-31,10.31,0.97
1938-04-30,9.89,0.903333
1938-05-31,9.98,0.836667
1938-06-30,10.21,0.77
1938-07-31,12.24,0.72
1938-08-31,12.31,0.67
1938-09-30,11.75,0.62
1938-10-31,13.06,0.626667
1938-11-30,13.07,0.633333
1938-12-31,12.69,0.64
1939-01-31,12.5,0.663333
1939-02-28,12.4,0.686667
1939-03-31,12.39,0.71
1939-04-30,10.83,0.726667
1939-05-31,11.23,0.743333
1939-06-30,11.43,0.76
1939-07-31,11.71,0.776667
1939-08-31,11.54,0.793333
1939-09-30,12.77,0.81
1939-10-31,12.9,0.84
1939-11-30,12.67,0.87
1939-12-31,12.37,0.9
1940-01-31,12.3,0.93
1940-02-29,12.22,0.96
1940-03-31,12.15,0.99
1940-04-30,12.27,1.00667
1940-05-31,10.58,1.02333
1940-06-30,9.67,1.04
1940-07-31,9.99,1.05333
1940-08-31,10.2,1.06667
1940-09-30,10.63,1.08
1940-10-31,10.73,1.07
1940-11-30,10.98,1.06
1940-12-31,10.53,1.05
1941-01-31,10.55,1.05333
1941-02-28,9.89,1.05667
1941-03-31,9.95,1.06
1941-04-30,9.64,1.07
1941-05-31,9.43,1.08
1941-06-30,9.76,1.09
1941-07-31,10.26,1.12333
1941-08-31,10.21,1.15667
1941-09-30,10.24,1.19
1941-10-31,9.83,1.18
1941-11-30,9.37,1.17
1941-12-31,8.76,1.16
1942-01-31,8.93,1.12
1942-02-28,8.65,1.08
1942-03-31,8.18,1.04
1942-04-30,7.84,1.02
1942-05-31,7.93,1.0
1942-06-30,8.33,0.98
1942-07-31,8.64,0.966667
1942-08-31,8.59,0.953333
1942-09-30,8.68,0.94
1942-10-31,9.32,0.97
1942-11-30,9.47,1.0
1942-12-31,9.52,1.03
1943-01-31,10.09,1.04333
1943-02-28,10.69,1.05667
1943-03-31,11.07,1.07
1943-04-30,11.44,1.08
1943-05-31,11.89,1.09
1943-06-30,12.1,1.1
1943-07-31,12.35,1.09333
1943-08-31,11.74,1.08667
1943-09-30,11.99,1.08
1943-10-31,11.88,1.03333
1943-11-30,11.33,0.986667
1943-12-31,11.48,0.94
1944-01-31,11.85,0.936667
1944-02-29,11.77,0.933333
1944-03-31,12.1,0.93
1944-04-30,11.89,0.926667
1944-05-31,12.1,0.923333
1944-06-30,12.67,0.92
1944-07-31,13.0,0.913333
1944-08-31,12.81,0.906667
1944-09-30,12.6,0.9
1944-10-31,12.91,0.91
1944-11-30,12.82,0.92
1944-12-31,13.1,0.93
1945-01-31,13.49,0.94
1945-02-28,13.94,0.95
1945-03-31,13.93,0.96
1945-04-30,14.28,0.973333
1945-05-31,14.82,0.986667
1945-06-30,15.09,1.0
1945-07-31,14.78,0.996667
1945-08-31,14.83,0.993333
1945-09-30,15.84,0.99
1945-10-31,16.5,0.98
1945-11-30,17.04,0.97
1945-12-31,17.33,0.96
1946-01-31,18.02,0.94
1946-02-28,18.07,0.92
1946-03-31,17.53,0.9
1946-04-30,18.66,0.88
1946-05-31,18.7,0.86
1946-06-30,18.58,0.84
1946-07-31,18.05,0.856667
1946-08-31,17.7,0.873333
1946-09-30,15.09,0.89
1946-10-31,14.75,0.946667
1946-11-30,14.69,1.00333
1946-12-31,15.13,1.06
1947-01-31,15.21,1.13
1947-02-28,15.8,1.2
1947-03-31,15.16,1.27
1947-04-30,14.6,1.32667
1947-05-31,14.34,1.38333
1947-06-30,14.84,1.44
1947-07-31,15.77,1.47667
1947-08-31,15.46,1.51333
1947-09-30,15.06,1.55
1947-10-31,15.45,1.57
1947-11-30,15.27,1.59
1947-12-31,15.03,1.61
1948-01-31,14.83,1.64333
1948-02-29,14.1,1.67667
1948-03-31,14.3,1.71
1948-04-30,15.4,1.76
1948-05-31,16.15,1.81
1948-06-30,16.82,1.86
1948-07-31,16.42,1.93
1948-08-31,15.94,2.0
1948-09-30,15.76,2.07
1948-10-31,16.19,2.14333
1948-11-30,15.29,2.21667
1948-12-31,15.19,2.29
1949-01-31,15.36,2.32
1949-02-28,14.77,2.35
1949-03-31,14.91,2.38
1949-04-30,14.89,2.38667
1949-05-31,14.78,2.39333
1949-06-30,13.97,2.4
1949-07-31,14.76,2.39667
1949-08-31,15.29,2.39333
1949-09-30,15.49,2.39
1949-10-31,15.89,2.36667
1949-11-30,16.11,2.34333
1949-12-31,16.54,2.32
1950-01-31,16.88,2.33667
1950-02-28,17.21,2.35333
1950-03-31,17.35,2.37
1950-04-30,17.84,2.42667
1950-05-31,18.44,2.48333
1950-06-30,18.74,2.54
1950-07-31,17.38,2.6
1950-08-31,18.43,2.66
1950-09-30,19.08,2.72
1950-10-31,19.87,2.76
1950-11-30,19.83,2.8
1950-12-31,19.75,2.84
1951-01-31,21.21,2.83667
1951-02-28,22.0,2.83333
1951-03-31,21.63,2.83
1951-04-30,21.92,2.79333
1951-05-31,21.93,2.75667
1951-06-30,21.55,2.72
1951-07-31,21.93,2.65
1951-08-31,22.89,2.58
1951-09-30,23.48,2.51
1951-10-31,23.36,2.48667
1951-11-30,22.71,2.46333
1951-12-31,23.41,2.44
1952-01-31,24.19,2.42667
1952-02-29,23.75,2.41333
1952-03-31,23.81,2.4
1952-04-30,23.74,2.38
1952-05-31,23.73,2.36
1952-06-30,24.38,2.34
1952-07-31,25.08,2.34667
1952-08-31,25.18,2.35333
1952-09-30,24.78,2.36
1952-10-31,24.26,2.37333
1952-11-30,25.03,2.38667
1952-12-31,26.04,2.4
1953-01-31,26.18,2.41
1953-02-28,25.86,2.42
1953-03-31,25.99,2.43
1953-04-30,24.71,2.45667
1953-05-31,24.84,2.48333
1953-06-30,23.95,2.51
1953-07-31,24.29,2.52333
1953-08-31,24.39,2.53667
1953-09-30,23.27,2.55
1953-10-31,23.97,2.53667
1953-11-30,24.5,2.52333
1953-12-31,24.83,2.51
1954-01-31,25.46,2.52333
1954-02-28,26.02,2.53667
1954-03-31,26.57,2.55
1954-04-30,27.63,2.57333
1954-05-31,28.73,2.59667
1954-06-30,28.96,2.62
1954-07-31,30.13,2.62333
1954-08-31,30.73,2.62667
1954-09-30,31.45,2.63
1954-10-31,32.18,2.67667
1954-11-30,33.44,2.72333
1954-12-31,34.97,2.77
1955-01-31,35.6,2.83333
1955-02-28,36.79,2.89667
1955-03-31,36.5,2.96
1955-04-30,37.76,3.04667
1955-05-31,37.6,3.13333
1955-06-30,39.78,3.22
1955-07-31,42.69,3.29333
1955-08-31,42.43,3.36667
1955-09-30,44.34,3.44
1955-10-31,42.11,3.5
1955-11-30,44.95,3.56
1955-12-31,45.37,3.62
1956-01-31,44.15,3.64333
1956-02-29,44.43,3.66667
1956-03-31,47.49,3.69
1956-04-30,48.05,3.66
1956-05-31,46.54,3.63
1956-06-30,46.27,3.6
1956-07-31,48.78,3.55333
1956-08-31,48.49,3.50667
1956-09-30,46.84,3.46
1956-10-31,46.24,3.44333
1956-11-30,45.76,3.42667
1956-12-31,46.44,3.41
1957-01-31,45.43,3.40667
1957-02-28,43.47,3.40333
1957-03-31,44.03,3.4
1957-04-30,45.05,3.40667
1957-05-31,46.78,3.41333
1957-06-30,47.55,3.42
1957-07-31,48.51,3.43667
1957-08-31,45.84,3.45333
1957-09-30,43.98,3.47
1957-10-31,41.24,3.43667
1957-11-30,40.35,3.40333
1957-12-31,40.33,3.37
1958-01-31,41.12,3.29333
1958-02-28,41.26,3.21667
1958-03-31,42.11,3.14
1958-04-30,42.34,3.07
1958-05-31,43.7,3.0
1958-06-30,44.75,2.93
1958-07-31,45.98,2.91333
1958-08-31,47.7,2.89667
1958-09-30,48.96,2.88
1958-10-31,50.95,2.88333
1958-11-30,52.5,2.88667
1958-12-31,53.49,2.89
1959-01-31,55.62,2.96333
1959-02-28,54.77,3.03667
1959-03-31,56.16,3.11
1959-04-30,57.1,3.20667
1959-05-31,57.96,3.30333
1959-06-30,57.46,3.4
1959-07-31,59.74,3.41
1959-08-31,59.4,3.42
1959-09-30,57.05,3.43
1959-10-31,57.0,3.41667
1959-11-30,57.23,3.40333
1959-12-31,59.06,3.39
1960-01-31,58.03,3.39
1960-02-29,55.78,3.39
1960-03-31,55.02,3.39
1960-04-30,55.73,3.34667
1960-05-31,55.22,3.30333
1960-06-30,57.26,3.26
1960-07-31,55.84,3.26333
1960-08-31,56.51,3.26667
1960-09-30,54.81,3.27
1960-10-31,53.73,3.27
1960-11-30,55.47,3.27
1960-12-31,56.8,3.27
1961-01-31,59.72,3.21
1961-02-28,62.17,3.15
1961-03-31,64.12,3.09
1961-04-30,65.83,3.07
1961-05-31,66.5,3.05
1961-06-30,65.62,3.03
1961-07-31,65.44,3.03667
1961-08-31,67.79,3.04333
1961-09-30,67.26,3.05
1961-10-31,68.0,3.09667
1961-11-30,71.08,3.14333
1961-12-31,71.74,3.19
1962-01-31,69.07,3.25
1962-02-28,70.22,3.31
1962-03-31,70.29,3.37
1962-04-30,68.05,3.40333
1962-05-31,62.99,3.43667
1962-06-30,55.63,3.47
1962-07-31,56.97,3.49
1962-08-31,58.52,3.51
1962-09-30,58.0,3.53
1962-10-31,56.17,3.57667
1962-11-30,60.04,3.62333
1962-12-31,62.64,3.67
1963-01-31,65.06,3.68333
1963-02-28,65.92,3.69667
1963-03-31,65.67,3.71
1963-04-30,68.76,3.75333
1963-05-31,70.14,3.79667
1963-06-30,70.11,3.84
1963-07-31,69.07,3.88
1963-08-31,70.98,3.92
1963-09-30,72.85,3.96
1963-10-31,73.03,3.98
1963-11-30,72.62,4.0
1963-12-31,74.17,4.02
1964-01-31,76.45,4.07333
1964-02-29,77.39,4.12667
1964-03-31,78.8,4.18
1964-04-30,79.94,4.23
1964-05-31,80.72,4.28
1964-06-30,80.24,4.33
1964-07-31,83.22,4.37667
1964-08-31,82.0,4.42333
1964-09-30,83.41,4.47
1964-10-31,84.85,4.49667
1964-11-30,85.44,4.52333
1964-12-31,83.96,4.55
1965-01-31,86.12,4.59333
1965-02-28,86.75,4.63667
1965-03-31,86.83,4.68
1965-04-30,87.97,4.73333
1965-05-31,89.28,4.78667
1965-06-30,85.04,4.84
1965-07-31,84.91,4.88667
1965-08-31,86.49,4.93333
1965-09-30,89.38,4.98
1965-10-31,91.39,5.05
1965-11-30,92.15,5.12
1965-12-31,91.73,5.19
1966-01-31,93.32,5.24
1966-02-28,92.69,5.29
1966-03-31,88.88,5.34
1966-04-30,91.6,5.38
1966-05-31,86.78,5.42
1966-06-30,86.06,5.46
1966-07-31,85.84,5.47667
1966-08-31,80.65,5.49333
1966-09-30,77.81,5.51
1966-10-31,77.13,5.52333
1966-11-30,80.99,5.53667
1966-12-31,81.33,5.55
1967-01-31,84.45,5.51667
1967-02-28,87.36,5.48333
1967-03-31,89.42,5.45
1967-04-30,90.96,5.41
1967-05-31,92.59,5.37
1967-06-30,91.43,5.33
1967-07-31,93.01,5.32
1967-08-31,94.49,5.31
1967-09-30,95.81,5.3
1967-10-31,95.66,5.31
1967-11-30,92.66,5.32
1967-12-31,95.3,5.33
1968-01-31,95.04,5.36667
1968-02-29,90.75,5.40333
1968-03-31,89.09,5.44
1968-04-30,95.67,5.48333
1968-05-31,97.87,5.52667
1968-06-30,100.5,5.57
1968-07-31,100.3,5.6
1968-08-31,98.11,5.63
1968-09-30,101.3,5.66
1968-10-31,103.8,5.69333
1968-11-30,105.4,5.72667
1968-12-31,106.5,5.76
1969-01-31,102.0,5.78
1969-02-28,101.5,5.8
1969-03-31,99.3,5.82
1969-04-30,101.3,5.82667
1969-05-31,104.6,5.83333
1969-06-30,99.14,5.84
1969-07-31,94.71,5.85667
1969-08-31,94.18,5.87333
1969-09-30,94.51,5.89
1969-10-31,95.52,5.85333
1969-11-30,96.21,5.81667
1969-12-31,91.11,5.78
1970-01-31,90.31,5.73
1970-02-28,87.16,5.68
1970-03-31,88.65,5.63
1970-04-30,85.95,5.59333
1970-05-31,76.06,5.55667
1970-06-30,75.59,5.52
1970-07-31,75.72,5.46667
1970-08-31,77.92,5.41333
1970-09-30,82.58,5.36
1970-10-31,84.37,5.28333
1970-11-30,84.28,5.20667
1970-12-31,90.05,5.13
1971-01-31,93.49,5.16
1971-02-28,97.11,5.19
1971-03-31,99.6,5.22
1971-04-30,103.0,5.25333
1971-05-31,101.6,5.28667
1971-06-30,99.72,5.32
1971-07-31,99.0,5.35667
1971-08-31,97.24,5.39333
1971-09-30,99.4,5.43
1971-10-31,97.29,5.52
1971-11-30,92.78,5.61
1971-12-31,99.17,5.7
1972-01-31,103.3,5.73667
1972-02-29,105.2,5.77333
1972-03-31,107.7,5.81
1972-04-30,108.8,5.86333
1972-05-31,107.7,5.91667
1972-06-30,108.0,5.97
1972-07-31,107.2,6.02667
1972-08-31,111.0,6.08333
1972-09-30,109.4,6.14
1972-10-31,109.6,6.23333
1972-11-30,115.1,6.32667
1972-12-31,117.5,6.42
1973-01-31,118.4,6.54667
1973-02-28,114.2,6.67333
1973-03-31,112.4,6.8
1973-04-30,110.3,6.94333
1973-05-31,107.2,7.08667
1973-06-30,104.8,7.23
1973-07-31,105.8,7.38333
1973-08-31,103.8,7.53667
1973-09-30,105.6,7.69
1973-10-31,109.8,7.84667
1973-11-30,102.0,8.00333
1973-12-31,94.78,8.16
1974-01-31,96.11,8.22667
1974-02-28,93.45,8.29333
1974-03-31,97.44,8.36
1974-04-30,92.46,8.48667
1974-05-31,89.67,8.61333
1974-06-30,89.79,8.74
1974-07-31,79.31,8.86333
1974-08-31,76.03,8.98667
1974-09-30,68.12,9.11
1974-10-31,69.44,9.03667
1974-11-30,71.74,8.96333
1974-12-31,67.07,8.89
1975-01-31,72.56,8.74333
1975-02-28,80.1,8.59667
1975-03-31,83.78,8.45
1975-04-30,84.72,8.28667
1975-05-31,90.1,8.12333
1975-06-30,92.4,7.96
1975-07-31,92.49,7.89333
1975-08-31,85.71,7.82667
1975-09-30,84.67,7.76
1975-10-31,88.57,7.82667
1975-11-30,90.07,7.89333
1975-12-31,88.7,7.96
1976-01-31,96.86,8.19333
1976-02-29,100.6,8.42667
1976-03-31,101.1,8.66
1976-04-30,101.9,8.85667
1976-05-31,101.2,9.05333
1976-06-30,101.8,9.25
1976-07-31,104.2,9.35
1976-08-31,103.3,9.45
1976-09-30,105.5,9.55
1976-10-31,101.9,9.67
1976-11-30,101.2,9.79
1976-12-31,104.7,9.91
1977-01-31,103.8,9.96667
1977-02-28,101.0,10.0233
1977-03-31,100.6,10.08
1977-04-30,99.05,10.1933
1977-05-31,98.76,10.3067
1977-06-30,99.29,10.42
1977-07-31,100.2,10.5167
1977-08-31,97.75,10.6133
1977-09-30,96.23,10.71
1977-10-31,93.74,10.77
1977-11-30,94.28,10.83
1977-12-31,93.82,10.89
1978-01-31,90.25,10.9
1978-02-28,88.98,10.91
1978-03-31,88.82,10.92
1978-04-30,92.71,11.0233
1978-05-31,97.41,11.1267
1978-06-30,97.66,11.23
1978-07-31,97.19,11.3433
1978-08-31,103.9,11.4567
1978-09-30,103.9,11.57
1978-10-31,100.6,11.8233
1978-11-30,94.71,12.0767
1978-12-31,96.11,12.33
1979-01-31,99.71,12.6533
1979-02-28,98.23,12.9767
1979-03-31,100.1,13.3
1979-04-30,102.1,13.5267
1979-05-31,99.73,13.7533
1979-06-30,101.7,13.98
1979-07-31,102.7,14.1967
1979-08-31,107.4,14.4133
1979-09-30,108.6,14.63
1979-10-31,104.5,14.7067
1979-11-30,103.7,14.7833
1979-12-31,107.8,14.86
1980-01-31,110.9,15.0033
1980-02-29,115.3,15.1467
1980-03-31,104.7,15.29
1980-04-30,103.0,15.1733
1980-05-31,107.7,15.0567
1980-06-30,114.6,14.94
1980-07-31,119.8,14.84
1980-08-31,123.5,14.74
1980-09-30,126.5,14.64
1980-10-31,130.2,14.7
1980-11-30,135.7,14.76
1980-12-31,133.5,14.82
1981-01-31,133.0,14.74
1981-02-28,128.4,14.66
1981-03-31,133.2,14.58
1981-04-30,134.4,14.7233
1981-05-31,131.7,14.8667
1981-06-30,132.3,15.01
1981-07-31,129.1,15.0967
1981-08-31,129.6,15.1833
1981-09-30,118.3,15.27
1981-10-31,119.8,15.3
1981-11-30,122.9,15.33
1981-12-31,123.8,15.36
1982-01-31,117.3,15.1767
1982-02-28,114.5,14.9933
1982-03-31,110.8,14.81
1982-04-30,116.3,14.5967
1982-05-31,116.4,14.3833
1982-06-30,109.7,14.17
1982-07-31,109.4,13.9667
1982-08-31,109.7,13.7633
1982-09-30,122.4,13.56
1982-10-31,132.7,13.2533
1982-11-30,138.1,12.9467
1982-12-31,139.4,12.64
1983-01-31,144.3,12.5667
1983-02-28,146.8,12.4933
1983-03-31,151.9,12.42
1983-04-30,157.7,12.4767
1983-05-31,164.1,12.5333
1983-06-30,166.4,12.59
1983-07-31,167.0,12.8267
1983-08-31,162.4,13.0633
1983-09-30,167.2,13.3
1983-10-31,167.7,13.5433
1983-11-30,165.2,13.7867
1983-12-31,164.4,14.03
1984-01-31,166.4,14.44
1984-02-29,157.3,14.85
1984-03-31,157.4,15.26
1984-04-30,157.6,15.5733
1984-05-31,156.6,15.8867
1984-06-30,153.1,16.2
1984-07-31,151.1,16.32
1984-08-31,164.4,16.44
1984-09-30,166.1,16.56
1984-10-31,164.8,16.5867
1984-11-30,166.3,16.6133
1984-12-31,164.5,16.64
1985-01-31,171.6,16.5567
1985-02-28,180.9,16.4733
1985-03-31,179.4,16.39
1985-04-30,180.6,16.13
1985-05-31,184.9,15.87
1985-06-30,188.9,15.61
1985-07-31,192.5,15.4833
1985-08-31,188.3,15.3567
1985-09-30,184.1,15.23
1985-10-31,186.2,15.0233
1985-11-30,197.5,14.8167
1985-12-31,207.3,14.61
1986-01-31,208.2,14.58
1986-02-28,219.4,14.55
1986-03-31,232.3,14.52
1986-04-30,238.0,14.5833
1986-05-31,238.5,14.6467
1986-06-30,245.3,14.71
1986-07-31,240.2,14.7567
1986-08-31,245.0,14.8033
1986-09-30,238.3,14.85
1986-10-31,237.4,14.7267
1986-11-30,245.1,14.6033
1986-12-31,248.6,14.48
1987-01-31,264.5,14.6867
1987-02-28,280.9,14.8933
1987-03-31,292.5,15.1
1987-04-30,289.3,14.8733
1987-05-31,289.1,14.6467
1987-06-30,301.4,14.42
1987-07-31,310.1,14.9
1987-08-31,329.4,15.38
1987-09-30,318.7,15.86
1987-10-31,280.2,16.4067
1987-11-30,245.0,16.9533
1987-12-31,241.0,17.5
1988-01-31,250.5,17.8633
1988-02-29,258.1,18.2267
1988-03-31,265.7,18.59
1988-04-30,262.6,19.6167
1988-05-31,256.1,20.6433
1988-06-30,270.7,21.67
1988-07-31,269.1,22.0233
1988-08-31,263.7,22.3767
1988-09-30,268.0,22.73
1988-10-31,277.4,23.0733
1988-11-30,271.0,23.4167
1988-12-31,276.5,23.75
1989-01-31,285.4,24.16
1989-02-28,294.0,24.56
1989-03-31,292.7,24.96
1989-04-30,302.3,25.0467
1989-05-31,313.9,25.1333
1989-06-30,323.7,25.22
1989-07-31,331.9,24.71
1989-08-31,346.6,24.2
1989-09-30,347.3,23.69
1989-10-31,347.4,23.4267
1989-11-30,340.2,23.1633
1989-12-31,348.6,22.87
1990-01-31,339.97,22.49
1990-02-28,330.45,22.08
1990-03-31,338.46,21.67
1990-04-30,338.18,21.5333
1990-05-31,350.25,21.3967
1990-06-30,360.39,21.26
1990-07-31,360.03,21.42
1990-08-31,330.75,21.58
1990-09-30,315.41,21.74
1990-10-31,307.12,21.6067
1990-11-30,315.29,21.4733
1990-12-31,328.75,21.34
1991-01-31,325.49,21.1833
1991-02-28,362.26,21.0267
1991-03-31,372.28,20.94
1991-04-30,379.68,20.3633
1991-05-31,377.99,19.8567
1991-06-30,378.29,19.41
1991-07-31,380.23,18.84
1991-08-31,389.4,18.33
1991-09-30,387.2,17.82
1991-10-31,386.88,17.2033
1991-11-30,385.92,16.5867
1991-12-31,388.51,15.97
1992-01-31,416.08,16.0467
1992-02-29,412.56,16.1233
1992-03-31,407.36,16.19
1992-04-30,407.41,16.4833
1992-05-31,414.81,16.7667
1992-06-30,408.27,17.05
1992-07-31,415.05,17.38
1992-08-31,417.93,17.71
1992-09-30,418.48,18.04
1992-10-31,412.5,18.39
1992-11-30,422.84,18.74
1992-12-31,435.64,19.09
1993-01-31,435.23,19.34
1993-02-28,441.7,19.59
1993-03-31,450.16,19.84
1993-04-30,443.08,19.67
1993-05-31,445.25,19.5
1993-06-30,448.06,19.33
1993-07-31,447.29,19.69
1993-08-31,454.13,20.05
1993-09-30,459.24,20.41
1993-10-31,463.9,20.9
1993-11-30,462.89,21.39
1993-12-31,465.95,21.89
1994-01-31,472.99,22.1567
1994-02-28,471.58,22.4333
1994-03-31,463.81,22.71
1994-04-30,447.23,23.54
1994-05-31,450.9,24.37
1994-06-30,454.83,25.2
1994-07-31,451.4,25.91
1994-08-31,464.24,26.62
1994-09-30,466.96,27.33
1994-10-31,463.81,28.42
1994-11-30,461.01,29.51
1994-12-31,455.19,30.6
1995-01-31,465.25,31.25
1995-02-28,481.92,31.9
1995-03-31,493.15,32.55
1995-04-30,507.91,33.1767
1995-05-31,523.81,33.8033
1995-06-30,539.35,34.43
1995-07-31,557.37,34.68
1995-08-31,559.11,34.93
1995-09-30,578.77,35.18
1995-10-31,582.92,34.7733
1995-11-30,595.53,34.3667
1995-12-31,614.57,33.96
1996-01-31,614.42,33.9867
1996-02-29,649.54,34.0133
1996-03-31,647.07,34.04
1996-04-30,647.17,34.33
1996-05-31,661.23,34.62
1996-06-30,668.5,34.91
1996-07-31,644.07,35.2733
1996-08-31,662.68,35.6367
1996-09-30,674.88,36.0
1996-10-31,701.46,36.91
1996-11-30,735.67,37.82
1996-12-31,743.25,38.73
1997-01-31,766.22,39.2333
1997-02-28,798.39,39.7367
1997-03-31,792.16,40.24
1997-04-30,763.93,40.3433
1997-05-31,833.09,40.4467
1997-06-30,876.29,40.55
1997-07-31,925.29,40.58
1997-08-31,927.24,40.61
1997-09-30,937.02,40.64
1997-10-31,951.16,40.3333
1997-11-30,938.92,40.0267
1997-12-31,962.37,39.72
1998-01-31,963.36,39.66
1998-02-28,1023.74,39.6
1998-03-31,1076.83,39.54
1998-04-30,1112.2,39.35
1998-05-31,1108.42,39.16
1998-06-30,1108.39,38.97
1998-07-31,1156.58,38.6767
1998-08-31,1074.62,38.3833
1998-09-30,1020.64,38.09
1998-10-31,1032.47,37.9633
1998-11-30,1144.43,37.8367
1998-12-31,1190.05,37.71
1999-01-31,1248.77,37.93333333
1999-02-28,1246.58,38.15666667
1999-03-31,1281.66,38.38
1999-04-30,1334.76,39.26
1999-05-31,1332.07,40.14
1999-06-30,1322.55,41.02
1999-07-31,1380.99,42.0
1999-08-31,1327.49,42.98
1999-09-30,1318.17,43.96
1999-10-31,1300.01,45.36333333333334
1999-11-30,1391.0,46.76666666666667
1999-12-31,1428.68,48.17
2000-01-31,1425.59,49.09666666666667
2000-02-29,1388.87,50.02333333333333
2000-03-31,1442.21,50.95
2000-04-30,1461.36,51.27333333333333
2000-05-31,1418.48,51.59666666666667
2000-06-30,1461.96,51.92
2000-07-31,1473.0,52.51333333333334
2000-08-31,1485.46,53.10666666666666
2000-09-30,1468.05,53.7
2000-10-31,1390.14,52.46666666666667
2000-11-30,1378.04,51.23333333333333
2000-12-31,1330.93,50.0
2001-01-31,1335.63,48.48
2001-02-28,1305.75,46.96
2001-03-31,1185.85,45.44
2001-04-30,1189.84,42.556666666666665
2001-05-31,1270.37,39.67333333333333
2001-06-30,1238.71,36.79
2001-07-31,1204.45,33.96333333333333
2001-08-31,1178.5,31.136666666666667
2001-09-30,1044.64,28.31
2001-10-31,1076.59,27.103333333333335
2001-11-30,1129.68,25.896666666666665
2001-12-31,1144.93,24.69
2002-01-31,1140.21,24.69333333333333
2002-02-28,1100.67,24.69666666666667
2002-03-31,1153.79,24.7
2002-04-30,1111.93,25.38
2002-05-31,1079.25,26.06
2002-06-30,1014.02,26.74
2002-07-31,903.59,27.84
2002-08-31,912.55,28.939999999999998
2002-09-30,867.81,30.04
2002-10-31,854.63,29.223333333333333
2002-11-30,909.93,28.406666666666666
2002-12-31,899.18,27.59
2003-01-31,895.84,28.5
2003-02-28,837.03,29.41
2003-03-31,846.63,30.32
2003-04-30,890.03,31.73
2003-05-31,935.96,33.13999999999999
2003-06-30,988.0,34.55
2003-07-31,992.54,35.89333333333333
2003-08-31,989.53,37.236666666666665
2003-09-30,1019.44,38.58
2003-10-31,1038.73,41.96666666666667
2003-11-30,1049.9,45.35333333333333
2003-12-31,1080.64,48.74
2004-01-31,1132.52,49.826666666666675
2004-02-29,1143.36,50.913333333333334
2004-03-31,1123.98,52.0
2004-04-30,1133.36,53.38333333333333
2004-05-31,1102.78,54.76666666666667
2004-06-30,1132.76,56.15
2004-07-31,1105.85,56.69
2004-08-31,1088.94,57.23
2004-09-30,1117.66,57.77
2004-10-31,1117.21,58.03
2004-11-30,1168.94,58.29
2004-12-31,1199.21,58.55
2005-01-31,1181.41,59.10666666666666
2005-02-28,1199.63,59.663333333333334
2005-03-31,1194.9,60.22
2005-04-30,1164.43,61.23333333333333
2005-05-31,1178.28,62.24666666666667
2005-06-30,1202.25,63.26
2005-07-31,1222.24,64.33
2005-08-31,1224.27,65.39999999999999
2005-09-30,1225.92,66.47
2005-10-31,1191.96,67.58999999999999
2005-11-30,1237.37,68.71
2005-12-31,1262.07,69.83
2006-01-31,1278.73,70.77666666666666
2006-02-28,1276.65,71.72333333333334
2006-03-31,1293.74,72.67
2006-04-30,1302.17,73.27666666666666
2006-05-31,1290.01,73.88333333333333
2006-06-30,1253.17,74.49
2006-07-31,1260.24,75.85
2006-08-31,1287.15,77.21
2006-09-30,1317.74,78.57
2006-10-31,1363.38,79.55
2006-11-30,1388.64,80.53
2006-12-31,1416.42,81.51
2007-01-31,1424.16,82.05666666666667
2007-02-28,1444.8,82.60333333333334
2007-03-31,1406.95,83.15
2007-04-30,1463.64,83.74000000000001
2007-05-31,1511.14,84.33000000000001
2007-06-30,1514.19,84.92
2007-07-31,1520.71,82.81333333333333
2007-08-31,1454.62,80.70666666666666
2007-09-30,1497.12,78.6
2007-10-31,1539.66,74.46000000000001
2007-11-30,1463.39,70.32000000000001
2007-12-31,1479.22,66.18
2008-01-31,1378.76,64.25
2008-02-29,1354.87,62.32
2008-03-31,1316.94,60.39
2008-04-30,1370.47,57.383333333333326
2008-05-31,1403.22,54.376666666666665
2008-06-30,1341.25,51.37
2008-07-31,1257.33,49.56333333333333
2008-08-31,1281.47,47.75666666666667
2008-09-30,1216.95,45.95
2008-10-31,968.8,35.593333333333334
2008-11-30,883.04,25.236666666666668
2008-12-31,877.56,14.88
2009-01-31,865.58,12.206666666666667
2009-02-28,805.23,9.533333333333333
2009-03-31,757.13,6.86
2009-04-30,848.15,7.076666666666666
2009-05-31,902.41,7.293333333333333
2009-06-30,926.12,7.51
2009-07-31,935.82,9.186666666666667
2009-08-31,1009.73,10.863333333333333
2009-09-30,1044.55,12.54
2009-10-31,1067.66,25.349999999999998
2009-11-30,1088.07,38.16
2009-12-31,1110.38,50.97
2010-01-31,1123.58,54.28999999999999
2010-02-28,1089.16,57.61
2010-03-31,1152.05,60.93
2010-04-30,1197.32,62.986666666666665
2010-05-31,1125.06,65.04333333333332
2010-06-30,1083.36,67.1
2010-07-31,1079.8,68.68666666666667
2010-08-31,1087.28,70.27333333333333
2010-09-30,1122.08,71.86
2010-10-31,1171.58,73.69
2010-11-30,1198.89,75.52
2010-12-31,1241.53,77.35
2011-01-31,1282.62,78.67
2011-02-28,1321.12,79.99000000000001
2011-03-31,1304.49,81.31
2011-04-30,1331.51,82.16333333333334
2011-05-31,1338.31,83.01666666666667
2011-06-30,1287.29,83.87
2011-07-31,1325.19,84.90666666666667
2011-08-31,1185.31,85.94333333333334
2011-09-30,1173.88,86.98
2011-10-31,1207.22,86.97
2011-11-30,1226.42,86.96000000000001
2011-12-31,1243.32,86.95
2012-01-31,1300.58,87.48
2012-02-29,1352.49,88.01
2012-03-31,1389.24,88.54
2012-04-30,1386.43,88.33333333333334
2012-05-31,1341.27,88.12666666666667
2012-06-30,1323.48,87.92
2012-07-31,1359.78,87.44666666666667
2012-08-31,1403.45,86.97333333333333
2012-09-30,1443.42,86.5
2012-10-31,1437.82,86.50333333333333
2012-11-30,1394.51,86.50666666666667
2012-12-31,1422.29,86.51
2013-01-31,1480.4,86.90666666666667
2013-02-28,1512.31,87.30333333333334
2013-03-31,1550.83,87.7
2013-04-30,1570.7,88.78333333333333
2013-05-31,1639.84,89.86666666666667
2013-06-30,1618.77,90.95
2013-07-31,1668.68,92.09
2013-08-31,1670.09,93.23
2013-09-30,1687.17,94.37
2013-10-31,1720.03,96.31333333333333
2013-11-30,1783.54,98.25666666666666
2013-12-31,1807.78,100.2
2014-01-31,1822.36,100.41666666666666
2014-02-28,1817.04,100.63333333333333
2014-03-31,1863.52,100.85
2014-04-30,1864.26,101.60666666666667
2014-05-31,1889.77,102.36333333333334
2014-06-30,1947.09,103.12
2014-07-31,1973.1,104.06666666666666
2014-08-31,1961.53,105.01333333333334
2014-09-30,1993.23,105.96
2014-10-31,1937.27,104.74333333333334
2014-11-30,2044.57,103.52666666666667
2014-12-31,2054.27,102.31
2015-01-31,2028.18,101.28999999999999
2015-02-28,2082.2,100.27000000000001
2015-03-31,2079.99,99.25
2015-04-30,2094.86,97.80333333333334
2015-05-31,2111.94,96.35666666666667
2015-06-30,2099.29,94.91
2015-07-31,2094.14,93.49333333333334
2015-08-31,2039.87,92.07666666666667
2015-09-30,1944.41,90.66
2015-10-31,2024.81,89.28333333333333
2015-11-30,2080.62,87.90666666666667
2015-12-31,2054.08,86.53
2016-01-31,1918.6,86.5
2016-02-29,1904.42,86.47
2016-03-31,2021.95,86.44
2016-04-30,2075.54,86.6
2016-05-31,2065.55,86.75999999999999
2016-06-30,2083.89,86.92
2016-07-31,2148.9,87.64333333333333
2016-08-31,2170.95,88.36666666666667
2016-09-30,2157.69,89.09
2016-10-31,2143.02,90.91
2016-11-30,2164.99,92.73
2016-12-31,2246.63,94.55
2017-01-31,2275.12,96.46333333333334
2017-02-28,2329.91,98.37666666666667
2017-03-31,2366.82,100.29
2017-04-30,2359.31,101.53333333333333
2017-05-31,2395.35,102.77666666666667
2017-06-30,2433.99,104.02
2017-07-31,2454.1,105.03999999999999
2017-08-31,2456.22,106.06
2017-09-30,2492.84,107.08
2017-10-31,2557.0,108.01333333333334
2017-11-30,2593.61,108.94666666666666
2017-12-31,2664.34,109.88
2018-01-31,2789.8,111.73333333333332
2018-02-28,2705.16,113.58666666666666
2018-03-31,2702.77,115.44
2018-04-30,2653.63,117.78666666666666
2018-05-31,2701.49,120.13333333333333
2018-06-30,2754.35,122.48
2018-07-31,2793.64,125.11666666666667
2018-08-31,2857.82,127.75333333333333
2018-09-30,2901.5,130.39
2018-10-31,2785.46,131.05666666666667
2018-11-30,2723.23,131.72333333333333
2018-12-31,2567.31,132.39
2019-01-31,2607.39,133.05666666666664
2019-02-28,2754.86,133.7233333333333
2019-03-31,2803.98,134.39
2019-04-30,2903.8,134.68333333333334
2019-05-31,2854.71,134.97666666666666
2019-06-30,2890.17,135.27
2019-07-31,2996.1136363636365,134.48000000000002
2019-08-31,2897.498181818182,133.69
2019-09-30,2982.156,132.9
2019-10-31,2977.68,135.09
2019-11-30,3104.9044999999996,137.28
2019-12-31,3176.7495238095235,139.47
2020-01-31,3278.2028571428577,131.75666666666666
2020-02-29,3277.3142105263164,124.04333333333332
2020-03-31,2652.3936363636367,116.33
2020-04-30,2761.975238095238,110.63
2020-05-31,2919.615,104.93
2020-06-30,3104.6609090909087,99.23
2020-07-31,3207.6190909090906,98.89333333333335
2020-08-31,3391.71,98.55666666666667
2020-09-30,3365.5166666666664,98.22
2020-10-31,3418.701363636364,96.85666666666667
2020-11-30,3548.992500000001,95.49333333333334
2020-12-31,3695.3099999999995,94.13
2021-01-31,3793.748421052632,105.48666666666665
2021-02-28,3883.4321052631576,116.84333333333332
2021-03-31,3910.5082608695648,128.2
2021-04-30,4141.176190476191,138.38666666666666
2021-05-31,4167.849500000001,148.57333333333332
2021-06-30,4238.489545454546,158.76
2021-07-31,4363.7128571428575,164.31666666666666
2021-08-31,4454.206363636363,169.87333333333333
2021-09-30,4445.543333333333,175.43
2021-10-31,4460.707142857143,182.91
2021-11-30,4667.386666666667,190.39
2021-12-31,4674.772727272726,197.87
2022-01-31,4573.8155,197.88333333333333
2022-02-28,4435.980526315789,197.89666666666665
2022-03-31,4391.265217391306,197.91
2022-04-30,4391.295999999999,196.02666666666664
2022-05-31,4040.3599999999997,194.14333333333332
2022-06-30,3898.9466666666676,192.26
2022-07-31,3911.729499999999,190.58333333333331
2022-08-31,4158.5630434782615,188.90666666666664
2022-09-30,3850.520476190475,187.23
2022-10-31,3726.050952380952,182.40333333333334
2022-11-30,3917.488571428571,177.57666666666665
2022-12-31,3912.380952380953,172.75
2023-01-31,3960.6565,173.55666666666667
2023-02-28,4079.684736842105,174.36333333333332
2023-03-31,3968.5591304347827,175.17
2023-04-30,4121.467368421053,177.11666666666665
2023-05-31,4146.1731818181825,179.06333333333333
2023-06-30,4345.372857142857,181.01
2023-07-31,4508.075500000001,182.09
2023-08-31,4457.358695652174,183.17
2023-09-30,4409.094999999999,184.25
2023-10-31,4269.4009090909085,186.97666666666666
2023-11-30,4460.063333333332,189.70333333333332
2023-12-31,4685.0515000000005,192.42999999999998
2024-01-31,4815.6139130434785,192.08333333333331
2024-02-29,5011.9615,191.73666666666665
2024-03-31,5170.572499999999,191.39
2024-04-30,5112.492727272728,193.17999999999998
2024-05-31,5235.225454545454,194.96999999999997
2024-06-30,5415.140526315788,196.76
2024-07-31,5538.004545454546,208.97
2024-08-31,5478.214545454546,210.33
2024-09-30,5520.07,211.52
2024-10-31,5465.439078573808,214.76
2024-11-30,5778.6161282295125,218.36
2024-12-31,5634.207722039816,221.77
2025-01-31,5786.423282527661,222.6
2025-02-28,5704.012302862656,223.89
2025-03-31,5375.77654577543,225.65
2025-04-30,5334.786590877539,226.97
2025-05-31,5663.00318930391,228.51
2025-06-30,5943.926633411309,229.75
2025-07-31,6072.711151674279,233.36
2025-08-31,6188.496518547569,236.64
2025-09-30,6407.096838895753,239.98
2025-10-31,6552.45359879774,239.98
2025-11-30,6560.9696235475,239.98
2025-12-31,6557.530643924144,239.98
2026-01-31,6647.126121409531,239.98
2026-02-28,6589.506448890061,239.98
2026-03-31,6253.885028043482,239.98
2026-04-30,6905.748884282461,239.98
2026-05-31,7261.189939782871,239.98
2026-06-30,7280.252807332954,239.98
