variant,window,start,end,years,CAGR%,Vol%,Sharpe,MaxDD%,UPI,Pain%,Sortino,Calmar,AnnTO%
FCP-15 (baseline),Hybrid-28y,1997-09-01,2026-05-15,29.5,10.0,8.63,1.148,-14.83,2.541,2.904,1.381,0.675,920.9
FCP-15 (baseline),Live-18y,2008-09-30,2026-05-15,18.0,9.18,8.34,1.095,-10.53,2.312,2.995,1.325,0.872,911.3
FCP-15 (baseline),All-live,2020-09-24,2026-05-15,5.6,9.9,9.03,1.091,-8.34,2.836,2.767,1.18,1.187,917.6
A1 drop-SPMO,Hybrid-28y,1997-09-01,2026-05-15,29.5,9.22,8.61,1.068,-14.83,2.326,2.964,1.282,0.622,924.4
A1 drop-SPMO,Live-18y,2008-09-30,2026-05-15,18.0,8.65,8.34,1.036,-10.53,2.167,3.054,1.256,0.822,917.0
A1 drop-SPMO,All-live,2020-09-24,2026-05-15,5.6,9.61,8.94,1.071,-8.34,2.88,2.643,1.18,1.152,935.3
A2 drop-COWZ,Hybrid-28y,1997-09-01,2026-05-15,29.5,9.64,8.61,1.112,-14.83,2.401,2.961,1.328,0.65,920.9
A2 drop-COWZ,Live-18y,2008-09-30,2026-05-15,18.0,9.33,8.34,1.111,-10.53,2.291,3.048,1.334,0.886,911.3
A2 drop-COWZ,All-live,2020-09-24,2026-05-15,5.6,10.07,9.04,1.108,-9.27,2.488,3.182,1.186,1.087,917.6
A3 drop-AVUV,Hybrid-28y,1997-09-01,2026-05-15,29.5,9.78,8.51,1.139,-10.53,2.491,2.978,1.359,0.929,914.0
A3 drop-AVUV,Live-18y,2008-09-30,2026-05-15,18.0,9.37,8.27,1.125,-10.53,2.254,3.177,1.355,0.89,911.3
A3 drop-AVUV,All-live,2017-12-18,2026-05-15,8.5,12.68,8.71,1.414,-9.34,3.431,2.898,1.599,1.358,879.2
A4 drop-all3,Hybrid-28y,1997-09-01,2026-05-15,29.5,9.4,8.53,1.096,-11.64,2.262,3.081,1.312,0.807,917.4
A4 drop-all3,Live-18y,2008-09-30,2026-05-15,18.0,8.49,8.3,1.024,-11.64,1.86,3.409,1.231,0.729,917.0
A4 drop-all3,All-live,2008-07-21,2026-05-15,18.2,8.5,8.31,1.023,-11.64,1.869,3.4,1.232,0.73,919.6
A5 drop-AVUV-ctrl,Hybrid-28y,1997-09-01,2026-05-15,29.5,9.78,8.51,1.139,-10.53,2.491,2.978,1.359,0.929,914.0
A5 drop-AVUV-ctrl,Live-18y,2008-09-30,2026-05-15,18.0,9.37,8.27,1.125,-10.53,2.254,3.177,1.355,0.89,911.3
A5 drop-AVUV-ctrl,All-live,2017-12-18,2026-05-15,8.5,12.68,8.71,1.414,-9.34,3.431,2.898,1.599,1.358,879.2
B1 SPMO->MTUM,Hybrid-28y,1997-09-01,2026-05-15,29.5,9.47,8.62,1.092,-14.83,2.413,2.905,1.308,0.638,920.9
B1 SPMO->MTUM,Live-18y,2008-09-30,2026-05-15,18.0,9.05,8.36,1.077,-10.53,2.307,2.957,1.299,0.859,911.3
B1 SPMO->MTUM,All-live,2020-09-24,2026-05-15,5.6,9.87,9.02,1.089,-8.34,3.018,2.532,1.18,1.183,917.6
B2 COWZ->PRF,Hybrid-28y,1997-09-01,2026-05-15,29.5,9.6,8.58,1.111,-14.83,2.431,2.929,1.338,0.647,920.9
B2 COWZ->PRF,Live-18y,2008-09-30,2026-05-15,18.0,9.24,8.3,1.107,-10.53,2.333,2.996,1.348,0.878,911.3
B2 COWZ->PRF,All-live,2020-09-24,2026-05-15,5.6,9.89,8.97,1.096,-8.34,2.923,2.703,1.209,1.186,917.6
B3 AVUV->SLYV,Hybrid-28y,1997-09-01,2026-05-15,29.5,10.0,8.59,1.153,-10.53,2.627,2.856,1.384,0.95,914.0
B3 AVUV->SLYV,Live-18y,2008-09-30,2026-05-15,18.0,9.3,8.32,1.111,-10.53,2.349,2.983,1.344,0.884,911.3
B3 AVUV->SLYV,All-live,2017-12-18,2026-05-15,8.5,12.5,8.74,1.392,-8.34,3.908,2.484,1.58,1.499,879.2
B4 all3-swaps,Hybrid-28y,1997-09-01,2026-05-15,29.5,9.24,8.57,1.074,-10.53,2.38,2.978,1.292,0.878,914.0
B4 all3-swaps,Live-18y,2008-09-30,2026-05-15,18.0,8.71,8.35,1.042,-10.53,2.134,3.167,1.268,0.828,911.3
B4 all3-swaps,All-live,2014-04-16,2026-05-15,12.3,8.94,8.09,1.099,-9.38,2.176,3.314,1.3,0.953,893.8
C1 VEA->EFA VWO->EEM,Hybrid-28y,1997-09-01,2026-05-15,29.5,9.15,8.58,1.063,-14.83,2.327,2.922,1.273,0.617,924.4
C1 VEA->EFA VWO->EEM,Live-18y,2008-09-30,2026-05-15,18.0,9.24,8.34,1.102,-10.53,2.333,2.992,1.334,0.878,911.3
C1 VEA->EFA VWO->EEM,All-live,2020-09-24,2026-05-15,5.6,10.07,9.03,1.108,-8.2,2.924,2.738,1.198,1.229,917.6
D combined-clean,Hybrid-28y,1997-09-01,2026-05-15,29.5,8.9,8.59,1.035,-11.64,2.289,2.974,1.244,0.764,920.9
D combined-clean,Live-18y,2008-09-30,2026-05-15,18.0,8.89,8.33,1.065,-11.64,2.15,3.159,1.292,0.764,911.3
D combined-clean,All-live,2014-04-16,2026-05-15,12.3,9.6,8.06,1.178,-9.38,2.421,3.141,1.386,1.024,893.8
