label,sharpe,cagr,vol,max_dd,sortino,calmar,upi,years,actual_start
FCP-production | FCP-15 | FCP-engine,1.2041648542656853,0.10234985944578678,0.08185957573134242,-0.10719680355390804,1.4705108132270905,0.9547846209268378,2.554086771426258,17.620807665982205,2008-09-30
Faber-GTAA5 | Faber-5 | Faber-engine,0.4979917486059949,0.05774922015693873,0.12620690399758494,-0.2534590237329012,0.5969206553223282,0.2278444038267728,0.6563190745052726,17.620807665982205,2008-09-30
Faber-GTAA5 | FCP-15 | Faber-engine,0.8979430721499132,0.1318352689262272,0.14678944164850077,-0.20477229721999834,1.1628660583711379,0.643813986149646,2.1572206342753377,17.620807665982205,2008-09-30
Faber-GTAA5 | Faber-5 | FCP-engine,0.6589712400205293,0.04620891078850642,0.07078837092550233,-0.11086189150627612,0.744570209290079,0.4168151035551332,1.3644357122364634,17.620807665982205,2008-09-30
GEM | GEM-3 | GEM-engine,0.5438166426245131,0.07848092376254301,0.15913020601730965,-0.3371725001650745,0.6396480117231462,0.23276193557932498,0.9509284992649415,17.620807665982205,2008-09-30
GEM | FCP-15 | GEM-engine,0.6139906316203463,0.11412349828037227,0.2070274346408904,-0.3604256753054774,0.8168745003728755,0.3166353179019428,0.8096811048888917,17.620807665982205,2008-09-30
GEM | GEM-3 | FCP-engine,0.6798623241361099,0.043731635057599805,0.06458351848569054,-0.11553637775819192,0.8030069587166843,0.378509659954257,1.0981388267821501,17.620807665982205,2008-09-30
VAA-G4 | VAA-7 | VAA-engine,0.4935742634916882,0.06006915036730076,0.13355025554533248,-0.27837500974023155,0.6305312517364335,0.21578499601438683,0.565444829895589,17.620807665982205,2008-09-30
VAA-G4 | FCP-15 | VAA-engine,0.5486520794814569,0.08151954158045083,0.1641917052362696,-0.2831114156722535,0.6914729252082373,0.28794155610744665,0.7105120511702676,17.620807665982205,2008-09-30
VAA-G4 | VAA-7 | FCP-engine,0.7135055054300489,0.046936148585454696,0.06585189800562391,-0.11829659202885212,0.8528080174347713,0.39676670122506263,1.1405490717822537,17.620807665982205,2008-09-30
HAA-Balanced | HAA-Bal | HAA-engine,0.9329413882878598,0.09099971800511075,0.09661661738320583,-0.15450207904426005,1.0490262141135993,0.5889870127834471,2.030184505597223,13.073237508555783,2013-04-18
HAA-Balanced | FCP-15 | HAA-engine,0.9807161989177262,0.13323621621594706,0.13376636030553787,-0.2405833969076311,1.158114840796809,0.5538047011078715,2.461710513906371,17.620807665982205,2008-09-30
HAA-Balanced | HAA-Bal | FCP-engine,0.9318780295150507,0.05798581433182304,0.06137158838961026,-0.0942364211541371,1.065520378168568,0.6153227554872757,1.7488598488063327,13.073237508555783,2013-04-18
