trial,universe,live_start,window_yrs,skipped,n_intl,n_bonds,n_sector,n_factor,sharpe,cagr,max_dd
1,"IJH,SPYV,XLU,XLI,DSI,RPV,IJR,IWD,DXJ,IAU,SPYG,MTUM,LQD,USO,XLP",2013-04-18,12.04,False,1,3,3,8,0.8747450663048005,0.06770614926477236,-0.10756083404143613
2,"IAU,SPYV,EDV,VIG,MBB,EFV,DSI,EWJ,XLU,EFG,DXJ,SPYG,IYW,EWU,IWD",2008-01-29,17.25,False,5,3,2,5,0.9605046413752772,0.08043232160562108,-0.1573993356273331
3,"DXJ,XBI,XLU,RPG,VYM,IAU,IJR,IWD,IYW,USMV,SCHD,USO,EWG,XLB,RPV",2011-10-20,13.53,False,2,2,4,7,1.2376109198905418,0.09928627004712443,-0.11588645513214912
4,"MTUM,EWG,MBB,IJH,IYW,IWD,XLY,IYR,VIG,ITB,USO,SPYV,XBI,TLH,EDV",2013-04-18,12.04,False,1,4,5,5,0.7017994927545403,0.0490580151859874,-0.13990003981619958
5,"XLY,IWD,DSI,IJR,IYW,XLU,EWG,IYR,DGRO,SCHD,EWU,TLH,XBI,RPV,ITB",2014-06-12,10.89,False,2,1,6,6,0.7944502611715191,0.059194314870277376,-0.1296763616239358
6,"IWF,IAU,DGRO,MBB,XLI,VTIP,EWG,IYW,XLU,LQD,XLF,ITB,FXI,IJH,XBI",2014-06-12,10.89,False,2,4,6,3,1.034362220161413,0.07525517776662527,-0.10185473192252248
7,"XLF,USMV,DSI,MTUM,USO,EFG,XLU,IWF,VYM,EWG,XLY,EWJ,ITB,DGRO,IJR",2014-06-12,10.89,False,3,1,4,7,0.9239063001990747,0.07784570107121991,-0.10428349430775807
8,"FXI,EFG,EWG,RPG,XLP,RPV,XLI,EDV,DXJ,EWJ,XLY,VIG,SCHD,IJH,IWF",2011-10-20,13.53,False,5,1,3,6,0.7976331293003966,0.0659349033605674,-0.12619344308060476
9,"AGG,FXI,IWD,USMV,IJH,RPG,DGRO,DXJ,IWF,VIG,EWU,XLB,DSI,XLP,RPV",2014-06-12,10.89,False,3,1,2,9,0.8866575893883073,0.06997611647551572,-0.13107138961760845
10,"EDV,SPYG,IJH,MBB,XLU,XBI,VTIP,XLY,DXJ,IWD,DSI,IAU,IYR,FXI,RPV",2012-10-16,12.54,False,2,4,4,5,1.0299556839016029,0.07684721047758103,-0.10850122558997943
11,"AGG,SCHD,USO,IJR,XLB,VTIP,VIG,RPG,IYR,IYW,IWD,XLU,EWU,XLP,SPYG",2012-10-16,12.54,False,1,3,5,6,0.5835874961872898,0.040730257484936416,-0.13250146040436517
12,"IAU,XLF,FXI,SPYV,IJH,IYR,XLB,XLI,USMV,EDV,EWJ,XLY,MTUM,DXJ,MBB",2013-04-18,12.04,False,3,3,5,4,0.8255960025008069,0.06390228428440503,-0.10772591965703704
13,"FXI,IWF,MBB,RPV,TLH,EWU,DGRO,XLP,DXJ,VTIP,IJR,XLU,IYW,IYR,ITB",2014-06-12,10.89,False,3,3,5,4,0.9294976125925803,0.0627091117781422,-0.08684576843717451
14,"VIG,XLB,EFG,IYR,EWJ,LQD,EDV,IJH,XLI,AGG,MTUM,DGRO,SPYG,XLY,XLU",2014-06-12,10.89,False,2,3,5,5,0.7524064167725484,0.05330726298883559,-0.11191809154267862
15,"DSI,VTIP,USO,SPYG,IWF,USMV,IAU,EDV,MTUM,DXJ,DGRO,FXI,XLP,IJH,RPV",2014-06-12,10.89,False,2,4,1,8,1.1136238937458645,0.0864973850661237,-0.10756083404143646
16,"FXI,VYM,MBB,RPV,EWU,XLI,EDV,EFV,VIG,USMV,LQD,XBI,IAU,SCHD,DXJ",2011-10-20,13.53,False,4,4,2,5,1.2472595628437815,0.09152435214497068,-0.11428387609010393
17,"EFV,EWG,USMV,IJR,VTIP,EFG,XBI,TLH,XLI,AGG,EWU,XLU,DSI,IWF,VYM",2012-10-16,12.54,False,4,3,3,5,0.783112330304306,0.05376141117409228,-0.13282611792227494
18,"SCHD,XLU,EWG,XLI,IWF,EWJ,IJR,USMV,SPYG,MTUM,VTIP,IYW,DXJ,IJH,IWD",2013-04-18,12.04,False,3,1,3,8,0.8606328300941646,0.07007933393759225,-0.11618761566335245
19,"EFV,FXI,EWU,VYM,EFG,USMV,DGRO,IYW,SPYG,VIG,RPV,EDV,EWJ,DSI,RPG",2014-06-12,10.89,False,5,1,1,8,0.8048855945286574,0.06354652681955053,-0.12894741804872856
20,"DXJ,EDV,FXI,RPG,VIG,XLY,VYM,USMV,AGG,IYR,DGRO,SPYV,EWJ,MBB,XLI",2014-06-12,10.89,False,3,3,3,6,0.9092500311828837,0.06476547572866842,-0.13490320712735082
21,"AGG,LQD,DGRO,USMV,USO,IWD,SCHD,IWF,EDV,XBI,DXJ,IJH,VIG,TLH,XLY",2014-06-12,10.89,False,1,5,2,7,1.0024036412230213,0.06470212813803866,-0.10893496872324315
22,"XLI,VTIP,MTUM,IWD,EFV,LQD,XLF,XLP,VYM,XBI,ITB,DGRO,IJH,RPV,VIG",2014-06-12,10.89,False,1,2,5,7,0.8291272103215935,0.05541069115394537,-0.1234091783307989
23,"RPV,XLB,EWG,XLF,IWF,SPYG,VTIP,IJR,EDV,XLU,AGG,XLP,USO,FXI,SCHD",2012-10-16,12.54,False,2,4,4,5,0.6024248279136708,0.0426691196478719,-0.15818770681516459
24,"IWF,XLI,IYR,XLY,DGRO,EWJ,XLB,SPYG,LQD,EWG,XBI,USMV,USO,RPV,MBB",2014-06-12,10.89,False,2,3,5,5,0.6065323696707439,0.0413315596180559,-0.10970729610329255
25,"IJR,EDV,RPG,XLU,XLY,VYM,XBI,MBB,XLP,FXI,XLI,RPV,DXJ,SPYV,MTUM",2013-04-18,12.04,False,2,2,5,6,0.6677360320412479,0.05196124280807002,-0.15595322325967698
26,"DXJ,XLU,MTUM,SPYG,XBI,RPV,XLP,DGRO,EWJ,IAU,ITB,VYM,EWU,TLH,USMV",2014-06-12,10.89,False,3,2,4,6,1.0850675145168585,0.08436146285930768,-0.1124784400410328
27,"IWF,RPG,MBB,MTUM,IYR,IAU,DXJ,RPV,TLH,VTIP,SCHD,EWJ,EFG,SPYV,EWG",2013-04-18,12.04,False,4,4,1,6,1.0433838328748883,0.07622086863960398,-0.08287895605468176
28,"VYM,XLI,IJR,ITB,EDV,EFV,RPG,IAU,DGRO,EFG,EWU,IWD,USO,SPYG,EWJ",2014-06-12,10.89,False,4,3,2,6,0.9547809582136123,0.07649249761539889,-0.11508768017488691
29,"XBI,EFV,XLI,XLU,DGRO,IJR,IYW,MTUM,EWU,IJH,MBB,IAU,DSI,SCHD,RPG",2014-06-12,10.89,False,2,2,4,7,1.038501876049169,0.08059879136730008,-0.09194935042012542
30,"DSI,USO,SPYV,VIG,EFG,XBI,XLU,IWF,LQD,SCHD,XLF,XLP,TLH,MBB,FXI",2011-10-20,13.53,False,2,4,4,5,0.6146198825139043,0.04239897585118535,-0.15671572610900397
31,"XBI,SPYV,IJH,XLP,SCHD,TLH,MTUM,IJR,DXJ,EDV,IYR,EFG,DGRO,VYM,XLB",2014-06-12,10.89,False,2,2,4,7,0.888534262737515,0.06665450911102022,-0.1480306198550453
32,"AGG,IJH,IYW,TLH,VIG,XLP,MTUM,DXJ,SPYG,MBB,EWG,EFG,XLU,XBI,IYR",2013-04-18,12.04,False,3,3,5,4,0.6904937931153479,0.048598674365441186,-0.09965570648707078
33,"VIG,IYR,DXJ,IWF,XBI,XLF,IJH,XLB,AGG,EDV,VYM,DGRO,USO,ITB,RPG",2014-06-12,10.89,False,1,3,5,6,0.9281333516726905,0.07122988922050233,-0.14327777128066832
34,"EDV,RPV,VIG,EFV,IYW,SCHD,XLB,EFG,SPYG,RPG,EWU,IJR,VYM,AGG,XLY",2011-10-20,13.53,False,3,2,3,7,1.0121372565143176,0.07964268705327804,-0.1166190219389922
35,"IAU,XLF,EWG,EWJ,TLH,VYM,AGG,EWU,DGRO,XBI,MTUM,RPG,XLP,LQD,USO",2014-06-12,10.89,False,3,5,3,4,0.734863785613369,0.055444833527299675,-0.19888252972870646
36,"USO,XBI,IWD,XLI,XLB,DSI,VIG,RPG,SPYV,FXI,IJH,TLH,EDV,IYW,MTUM",2013-04-18,12.04,False,1,3,4,7,0.8940756305312377,0.07042707424228678,-0.14105167705568356
37,"EWG,EFV,TLH,VIG,IYW,FXI,EFG,XLI,RPG,XLF,ITB,SPYG,EDV,DXJ,USMV",2011-10-20,13.53,False,5,2,4,4,1.1785872764316752,0.09402957512303933,-0.10375553138067506
38,"DXJ,DSI,SCHD,LQD,EWG,USMV,XLI,IJH,EDV,IWF,EFG,IAU,XBI,XLP,XLU",2011-10-20,13.53,False,3,3,4,5,1.1256959543639167,0.08836045537655912,-0.11535488381596382
39,"IAU,XLF,EWJ,AGG,DXJ,VTIP,DGRO,EWU,MBB,RPV,IYW,IJH,EFV,USO,TLH",2014-06-12,10.89,False,4,6,2,3,0.8902355451563259,0.06063795915016468,-0.14116747168173094
40,"LQD,FXI,XLI,XLU,EWJ,IWF,XLY,VTIP,TLH,DGRO,EWU,EDV,IAU,MTUM,MBB",2014-06-12,10.89,False,3,6,3,3,1.0918074678961498,0.07645546321690477,-0.10961843938737958
41,"RPG,DSI,IYW,USO,VYM,IWF,EFV,LQD,XBI,XLU,IAU,EDV,SPYV,IJR,EWJ",2008-01-29,17.25,False,2,4,3,6,0.925959206758656,0.0750960905009197,-0.1721878297314452
42,"IYW,VTIP,SPYV,TLH,USO,EWU,SPYG,ITB,XLB,EDV,VIG,DXJ,EFV,VYM,XLU",2012-10-16,12.54,False,3,4,4,4,0.8666511160670938,0.05802916634212152,-0.15039887380184824
43,"MBB,IAU,DSI,FXI,VTIP,XLU,DXJ,TLH,SPYV,VIG,DGRO,XBI,EWJ,EFG,EWU",2014-06-12,10.89,False,5,4,2,4,1.063474403800146,0.07503539168475593,-0.14240568843966728
44,"DGRO,EWG,RPV,MBB,SPYV,EFG,EDV,IWD,DXJ,IWF,FXI,DSI,AGG,LQD,VTIP",2014-06-12,10.89,False,4,5,0,6,0.6200257086776367,0.04010456756335201,-0.15046631302824964
45,"IYW,XLF,VYM,EWG,IAU,XBI,USO,XLU,EFV,RPV,FXI,MTUM,XLI,SPYG,IYR",2013-04-18,12.04,False,3,2,6,4,1.0917638237461793,0.09285315943438266,-0.09439572342405145
46,"MBB,USMV,ITB,DSI,IWF,MTUM,SPYV,XLI,VIG,EFV,SPYG,XLB,EDV,IJH,DXJ",2013-04-18,12.04,False,2,2,3,8,0.9951779812154393,0.07853812940488991,-0.11515414437408034
47,"EWU,IJH,TLH,VYM,EWG,XLP,IYR,DGRO,IAU,IYW,EFV,IWD,RPG,USMV,XLY",2014-06-12,10.89,False,3,2,4,6,0.7537064312196867,0.056301452195479884,-0.13887512615416286
48,"SPYV,XLB,TLH,IYW,EFG,VIG,IWF,XLI,IJR,ITB,VTIP,RPG,DXJ,XBI,IAU",2012-10-16,12.54,False,2,3,5,5,1.0752690983217352,0.08144559097002868,-0.10756083404143602
49,"IJH,TLH,MTUM,ITB,MBB,DXJ,IYR,IWF,XBI,SPYG,EDV,VYM,EFV,XLI,USMV",2013-04-18,12.04,False,2,3,4,6,0.9322939322479581,0.06697492862483934,-0.11307128731004545
50,"DXJ,IYR,EWG,RPG,USO,SCHD,LQD,XLU,EWU,DSI,VYM,EFV,IAU,XLY,RPV",2011-10-20,13.53,False,4,3,3,5,0.9441646703541469,0.07243728834487007,-0.10756083404143635
